Date,Clicks,Impressions,CTR,Position
2026-07-07,123,7139,1.72%,11.7
2026-07-08,162,8598,1.88%,11.1
2026-07-09,181,10384,1.74%,10.4
2026-07-10,207,9266,2.23%,11.7
2026-07-11,171,12505,1.37%,10.8
2026-07-12,150,9588,1.56%,11.1
2026-07-13,145,11919,1.22%,10.2
2026-07-14,193,10607,1.82%,10.5
2026-07-15,177,10298,1.72%,10.4
2026-07-16,202,9893,2.04%,9.5
2026-07-17,219,10261,2.13%,9
2026-07-18,228,11008,2.07%,8.9
2026-07-19,217,11931,1.82%,9.3
2026-07-20,244,13410,1.82%,8.9
2026-07-21,240,12350,1.94%,8.9
2026-07-22,206,13391,1.54%,9.2
2026-07-23,252,13080,1.93%,9.2
2026-07-24,274,13100,2.09%,9.6
2026-07-25,297,12386,2.4%,9.5
2026-07-26,252,12735,1.98%,9.6
2026-07-27,334,14731,2.27%,9.5
2026-07-28,499,14572,3.42%,9.7
2026-07-29,673,15002,4.49%,9.5
2026-07-30,652,13053,5%,9.8
2026-07-31,677,12004,5.64%,9.8
2026-08-01,599,12502,4.79%,10
2026-08-02,537,14237,3.77%,10.2
2026-08-03,635,16823,3.77%,8.9
2026-08-04,634,17082,3.71%,8.3
2026-08-05,701,18799,3.73%,8.7
2026-08-06,710,18171,3.91%,9
2026-08-07,823,18114,4.54%,8.1
2026-08-08,871,20235,4.3%,6.7
2026-08-09,606,12931,4.69%,8.8
2026-08-10,561,13481,4.16%,8.9
2026-08-11,451,13685,3.3%,9.6
2026-08-12,481,12843,3.75%,9.5
2026-08-13,579,12843,4.51%,10.1
2026-08-14,712,12672,5.62%,9.1
2026-08-15,743,15291,4.86%,9.3
2026-08-16,565,13209,4.28%,9.7
2026-08-17,566,11160,5.07%,9.5
2026-08-18,215,617,34.85%,4.6
2026-08-19,262,694,37.75%,5.1
2026-08-20,283,713,39.69%,5.4
2026-08-21,266,739,35.99%,3.8
2026-08-22,238,695,34.24%,4.4
2026-08-23,191,576,33.16%,6.4
2026-08-24,188,582,32.3%,4.3
2026-08-25,180,566,31.8%,5.3
2026-08-26,229,636,36.01%,8.7
2026-08-27,191,595,32.1%,6.8
2026-08-28,280,700,40%,3.7
2026-08-29,193,575,33.57%,6.6
2026-08-30,148,449,32.96%,7.8
2026-08-31,186,454,40.97%,4.3
2026-09-01,170,408,41.67%,2.2
2026-09-02,137,445,30.79%,2.8
2026-09-03,167,475,35.16%,2.5
2026-09-04,181,655,27.63%,2.7
2026-09-05,152,581,26.16%,2.9
2026-09-06,152,558,27.24%,3.1
2026-09-07,103,483,21.33%,3.1
2026-09-08,140,508,27.56%,2.6
2026-09-09,137,509,26.92%,3
2026-09-10,110,485,22.68%,3
2026-09-11,115,533,21.58%,2.7
2026-09-12,104,474,21.94%,2.8
2026-09-13,79,350,22.57%,2.7
2026-09-14,94,390,24.1%,2.6
2026-09-15,106,412,25.73%,2.9
2026-09-16,109,478,22.8%,2.7
2026-09-17,189,473,39.96%,2
2026-09-18,143,449,31.85%,3.2
2026-09-19,38,250,15.2%,4.1
2026-09-20,46,206,22.33%,4.2
2026-09-21,37,239,15.48%,3.7
2026-09-22,33,201,16.42%,3.8
2026-09-23,11,63,17.46%,4.9
2026-09-24,12,73,16.44%,4.6
2026-09-25,24,119,20.17%,5.3
2026-09-26,12,99,12.12%,7.6
2026-09-27,33,131,25.19%,5.7
2026-09-28,25,93,26.88%,5.4
2026-09-29,36,128,28.12%,4.3
2026-09-30,14,118,11.86%,5.8
2026-10-01,16,69,23.19%,9.9
2026-10-02,16,86,18.6%,7.1
2026-10-03,12,74,16.22%,7.3
2026-10-04,1,49,2.04%,7.2
2026-10-05,12,91,13.19%,7.6
2026-10-06,9,65,13.85%,8.1