Country,Clicks,Impressions,CTR,Position
United States,8447,215533,3.92%,9.04
United Kingdom,2670,37277,7.16%,8.06
Germany,1479,23387,6.32%,7.15
Canada,1080,36601,2.95%,7.88
Spain,857,12894,6.65%,8.03
Japan,683,8493,8.04%,15.12
Australia,574,14480,3.96%,8.65
Netherlands,488,7331,6.66%,8.44
India,429,9954,4.31%,15.08
France,344,13170,2.61%,8.62
Brazil,332,19003,1.75%,7.22
Indonesia,315,11968,2.63%,9.88
Belgium,315,4247,7.42%,7.04
Mexico,248,8047,3.08%,9.18
Italy,227,6384,3.56%,8.27
Sweden,185,3781,4.89%,8.01
Israel,179,2041,8.77%,7.57
Austria,161,2002,8.04%,7.01
Turkey,160,3318,4.82%,14.45
Colombia,151,7082,2.13%,7.54
Denmark,142,2246,6.32%,9.45
Egypt,137,1506,9.1%,9.87
Philippines,135,6534,2.07%,16.91
South Africa,133,1807,7.36%,8.67
Switzerland,125,1712,7.3%,8.38
Sri Lanka,118,1015,11.63%,6.07
Vietnam,116,8306,1.4%,15.35
Poland,112,3741,2.99%,8.76
Russia,109,4497,2.42%,11.82
Hungary,106,1343,7.89%,7.48
Norway,104,4491,2.32%,10.18
Ireland,101,1366,7.39%,7.06
Iran,100,5480,1.82%,8.61
Argentina,98,10431,0.94%,6.72
New Zealand,93,1545,6.02%,12.63
Malaysia,92,4588,2.01%,13.45
Portugal,92,2549,3.61%,8.58
Chile,91,1963,4.64%,7.39
Thailand,89,3163,2.81%,14.59
Singapore,82,2147,3.82%,9.09
United Arab Emirates,82,1214,6.75%,11.13
Czechia,80,1359,5.89%,7.79
Pakistan,77,2482,3.1%,18.71
Morocco,77,1532,5.03%,16.55
South Korea,72,4421,1.63%,8.55
Hong Kong,65,1829,3.55%,7.32
Myanmar (Burma),62,899,6.9%,8.12
Croatia,61,685,8.91%,7.07
Serbia,59,854,6.91%,8.76
Taiwan,58,2327,2.49%,8.87
Peru,55,2054,2.68%,8.13
Finland,55,1614,3.41%,8.17
Estonia,52,931,5.59%,7.86
Bulgaria,52,741,7.02%,8.11
Greece,50,931,5.37%,7.38
Tunisia,46,378,12.17%,7.8
Ukraine,44,1534,2.87%,15.54
Slovakia,44,680,6.47%,7.44
Nigeria,42,385,10.91%,9.12
Romania,41,1280,3.2%,7.96
Georgia,36,421,8.55%,6.63
Lebanon,35,323,10.84%,5.57
Slovenia,33,333,9.91%,6.19
Saudi Arabia,32,1210,2.64%,19.07
Ecuador,32,721,4.44%,9.21
Cambodia,27,500,5.4%,7.58
Cyprus,26,248,10.48%,7.16
Venezuela,25,1024,2.44%,8.46
Lithuania,24,791,3.03%,8
China,22,1303,1.69%,7.67
Kazakhstan,22,421,5.23%,8.04
Moldova,22,333,6.61%,7.34
Latvia,21,496,4.23%,8.08
Nepal,21,324,6.48%,7.79
Kenya,18,217,8.29%,11.34
Albania,17,283,6.01%,7.69
Bangladesh,16,1322,1.21%,27.42
Malta,16,317,5.05%,6.98
Guatemala,16,199,8.04%,7.15
Belarus,15,642,2.34%,8.42
Puerto Rico,15,266,5.64%,7.86
Azerbaijan,15,174,8.62%,9.84
Qatar,14,211,6.64%,8.06
Costa Rica,13,305,4.26%,7.59
Dominican Republic,12,611,1.96%,8.7
Jordan,12,534,2.25%,25.15
Algeria,12,441,2.72%,27.41
Trinidad & Tobago,11,336,3.27%,9.26
Bolivia,11,221,4.98%,8.97
Bosnia & Herzegovina,11,209,5.26%,7.73
Panama,11,207,5.31%,8.33
Iceland,11,196,5.61%,8.87
Kuwait,10,224,4.46%,9.74
El Salvador,10,149,6.71%,7.58
Luxembourg,9,162,5.56%,8.77
Angola,9,130,6.92%,9.72
Mongolia,9,117,7.69%,6.9
Ghana,9,64,14.06%,7.92
Cape Verde,9,30,30%,6.17
Iraq,8,375,2.13%,18.82
Macedonia,8,213,3.76%,6.9
Palestine,8,86,9.3%,7.56
Jersey,8,53,15.09%,5.79
Uruguay,7,190,3.68%,7.19
Armenia,7,128,5.47%,7.6
Bahrain,7,125,5.6%,9.5
Bahamas,6,317,1.89%,7.97
Maldives,6,123,4.88%,8.42
Bhutan,6,63,9.52%,7.94
Botswana,5,87,5.75%,7.67
Kosovo,5,68,7.35%,10.69
Zimbabwe,5,57,8.77%,10.74
Mozambique,5,56,8.93%,8.45
Zambia,5,47,10.64%,7.64
Fiji,5,34,14.71%,6.5
Côte d’Ivoire,5,31,16.13%,10.13
Jamaica,4,219,1.83%,7.81
Oman,4,112,3.57%,14.59
Uzbekistan,4,98,4.08%,9.43
Belize,4,88,4.55%,11.82
Curaçao,4,39,10.26%,7.74
Guyana,4,20,20%,14.5
Macau,4,19,21.05%,6.89
Mauritius,3,198,1.52%,8.55
Laos,3,181,1.66%,7.37
Honduras,3,94,3.19%,9.56
Nicaragua,3,49,6.12%,8.04
Guam,3,47,6.38%,7.98
Madagascar,3,28,10.71%,14.25
Isle of Man,3,22,13.64%,5.73
Tanzania,3,16,18.75%,10.69
Paraguay,2,184,1.09%,7.46
Syria,2,79,2.53%,10.58
Micronesia,2,45,4.44%,9.6
Namibia,2,36,5.56%,9.25
Ethiopia,2,30,6.67%,12.4
Libya,2,28,7.14%,5.5
Bermuda,2,27,7.41%,6.93
Yemen,2,19,10.53%,15.21
Gabon,2,17,11.76%,9.88
Guernsey,2,16,12.5%,7.62
Gibraltar,2,10,20%,4.7
St. Vincent & Grenadines,2,8,25%,14.12
Brunei,1,181,0.55%,7.86
Montenegro,1,71,1.41%,7.85
Réunion,1,56,1.79%,8.11
Sudan,1,48,2.08%,10.81
Afghanistan,1,44,2.27%,13.86
U.S. Virgin Islands,1,42,2.38%,7.52
Cuba,1,34,2.94%,8.24
Suriname,1,32,3.12%,8.09
British Virgin Islands,1,29,3.45%,9.62
Haiti,1,24,4.17%,12.88
Cameroon,1,20,5%,7.8
Guadeloupe,1,19,5.26%,7.16
Sint Maarten,1,18,5.56%,7.5
Palau,1,16,6.25%,7.75
Marshall Islands,1,15,6.67%,11.87
Cayman Islands,1,14,7.14%,5.64
San Marino,1,13,7.69%,8.85
Anguilla,1,12,8.33%,8.5
Grenada,1,12,8.33%,9.08
Togo,1,10,10%,10.5
Tajikistan,1,9,11.11%,7.78
Malawi,1,8,12.5%,7.75
Monaco,1,7,14.29%,7.71
Rwanda,1,7,14.29%,8.14
Dominica,1,6,16.67%,8.33
Lesotho,1,6,16.67%,8.83
Timor-Leste,1,4,25%,11.75
Guinea,1,3,33.33%,5.67
Svalbard & Jan Mayen,1,3,33.33%,5.67
Djibouti,1,3,33.33%,6.33
Unknown Region,0,90,0%,9.21
Kyrgyzstan,0,55,0%,7.45
St. Lucia,0,37,0%,7.73
Turkmenistan,0,37,0%,10.7
Antigua & Barbuda,0,36,0%,7.39
Andorra,0,30,0%,17.2
Martinique,0,23,0%,8.48
Aruba,0,21,0%,7.57
Barbados,0,21,0%,7.62
Greenland,0,15,0%,8.93
Uganda,0,14,0%,24.21
Caribbean Netherlands,0,13,0%,7.62
Benin,0,12,0%,7.92
Burkina Faso,0,12,0%,17.83
French Polynesia,0,11,0%,7.73
Senegal,0,11,0%,19.18
French Guiana,0,10,0%,6.1
Montserrat,0,10,0%,7.3
St. Kitts & Nevis,0,10,0%,9.3
Turks & Caicos Islands,0,9,0%,4.89
Liechtenstein,0,9,0%,8.22
St. Martin,0,8,0%,6.62
New Caledonia,0,8,0%,7.12
Somalia,0,8,0%,11.88
American Samoa,0,6,0%,1
Swaziland,0,6,0%,6.83
Northern Mariana Islands,0,6,0%,8.17
Congo - Kinshasa,0,6,0%,19
Papua New Guinea,0,5,0%,5.8
Falkland Islands (Islas Malvinas),0,5,0%,6
Faroe Islands,0,5,0%,7.6
Vanuatu,0,5,0%,10.6
Mali,0,4,0%,18.5
Åland Islands,0,3,0%,4.67
Burundi,0,3,0%,7.33
Niger,0,2,0%,4.5
Central African Republic,0,2,0%,5
Liberia,0,2,0%,7.5
Nauru,0,2,0%,8
Sierra Leone,0,2,0%,24
Gambia,0,1,0%,1
St. Pierre & Miquelon,0,1,0%,3
South Sudan,0,1,0%,7
Mauritania,0,1,0%,8
Equatorial Guinea,0,1,0%,9
Kiribati,0,1,0%,10
Solomon Islands,0,1,0%,10
Chad,0,1,0%,11
Western Sahara,0,1,0%,26
Congo - Brazzaville,0,1,0%,62