Top pages,Clicks,Impressions,CTR,Position
https://geekskai.com/tools/soundcloud-to-wav/,15592,233133,6.69%,5.79
https://geekskai.com/tools/soundcloud-playlist-downloader/,3397,23940,14.19%,6.62
https://geekskai.com/tools/soundcloud-to-mp3/,2149,110386,1.95%,9.03
https://geekskai.com/es/tools/soundcloud-to-wav/,677,11254,6.02%,6.67
https://geekskai.com/ja/tools/youtube-video-downloader/,552,3053,18.08%,24.39
https://geekskai.com/,204,621,32.85%,3.09
https://geekskai.com/blog/quotes/iamrestaurant-com-quotes/,179,28474,0.63%,7.94
https://geekskai.com/blog/guide/access-music-anywhere-unblocked-music-sites-2025/,123,2145,5.73%,40.15
https://geekskai.com/tools/tip-screen-generator/,81,5026,1.61%,8.2
https://geekskai.com/es/tools/soundcloud-playlist-downloader/,74,600,12.33%,8.43
https://geekskai.com/tools/soundcloud-downloader/,69,1162,5.94%,11.11
https://geekskai.com/blog/guide/best-unblocked-websites-proxy-access-restricted-sites/,49,3474,1.41%,52.03
https://geekskai.com/blog/ultimate-crypto-security-features-on-ecrypto1com/,44,10472,0.42%,9.57
https://geekskai.com/blog/guide/master-investiitcom-tips-beginners-guide/,38,6884,0.55%,7.94
https://geekskai.com/tools/youtube-video-downloader/,28,222,12.61%,27.14
https://geekskai.com/tools/youtube-audio-downloader/,25,840,2.98%,35.38
https://geekskai.com/tools/random-ssn-generator/,22,908,2.42%,42.49
https://geekskai.com/es/tools/soundcloud-to-mp3/,21,381,5.51%,19.08
https://geekskai.com/es/tools/youtube-video-downloader/,19,144,13.19%,30.16
https://geekskai.com/ko/tools/soundcloud-to-wav/,18,262,6.87%,5.72
https://geekskai.com/tools/,16,261,6.13%,19.08
https://geekskai.com/ja/tools/youtube-audio-downloader/,13,115,11.3%,17.53
https://geekskai.com/es/,12,114,10.53%,2.88
https://geekskai.com/fr/,12,56,21.43%,6.46
https://geekskai.com/de/,12,48,25%,4.06
https://geekskai.com/tags/wisdom/,10,1414,0.71%,24.45
https://geekskai.com/fr/tools/soundcloud-playlist-downloader/,10,143,6.99%,14.06
https://geekskai.com/de/tools/soundcloud-to-wav/,10,57,17.54%,8.12
https://geekskai.com/blog/guide/get-your-bingo-bash-free-chips-now/,8,1109,0.72%,28.68
https://geekskai.com/blog/guide/unveiling-millionaire-secrets-of-make1mcom/,7,1099,0.64%,24.21
https://geekskai.com/ja/tools/youtube-shorts-downloader/,7,30,23.33%,29.97
https://geekskai.com/tools/random-vin-generator/,5,1523,0.33%,17.6
https://geekskai.com/tools/invincible-title-card-generator/,5,691,0.72%,23.93
https://geekskai.com/tools/soundcloud-artwork-downloader/,5,290,1.72%,10.48
https://geekskai.com/tools/youtube-shorts-downloader/,5,245,2.04%,67.6
https://geekskai.com/ko/tools/bpm-ms-converter/,5,189,2.65%,7.19
https://geekskai.com/es/tools/soundcloud-downloader/,5,47,10.64%,12.91
https://geekskai.com/blog/android/content-cz-mobilesoft-appblock-fileprovider-cache-blank-html/,4,5902,0.07%,11.6
https://geekskai.com/blog/guide/top-10-sites-like-123movies-for-free-online-movie-streaming/,4,1769,0.23%,41.39
https://geekskai.com/ja/,4,106,3.77%,7.23
https://geekskai.com/de/tools/soundcloud/,4,62,6.45%,9.95
https://geekskai.com/ja/tools/soundcloud-to-wav/,4,43,9.3%,5.98
https://geekskai.com/fr/tools/soundcloud-to-wav/,4,17,23.53%,8.06
https://geekskai.com/tools/discord-timestamp-generator/,3,2263,0.13%,37.21
https://geekskai.com/tools/random-4-digit-number-generator/,3,1251,0.24%,19.7
https://geekskai.com/blog/js/how-to-remove-milliseconds-from-timestamp-in-js/,3,680,0.44%,29.18
https://geekskai.com/blog/vue/how-to-override-css-style-in-primevue/,3,658,0.46%,21.47
https://geekskai.com/blog/js/js-express-tracking-ultimate-guide-for-package-monitoring/,3,53,5.66%,7.49
https://geekskai.com/zh-cn/tools/print-test-page/,3,34,8.82%,12.5
https://geekskai.com/fr/tools/vin-decoder/,3,31,9.68%,21.19
https://geekskai.com/ja/about/,3,19,15.79%,17.95
https://geekskai.com/zh-cn/tools/invincible-title-card-generator/,3,11,27.27%,19.27
https://geekskai.com/tools/discord-time-converter/,2,7997,0.03%,28.47
https://geekskai.com/blog/ai/discord-timestamp-generator-complete-guide/,2,1715,0.12%,48.5
https://geekskai.com/blog/guide/mastering-pephop-ai-essential-features-you-need/,2,274,0.73%,33.67
https://geekskai.com/blog/ai/best-ai-face-swap-video-tools-of-2026/,2,258,0.78%,15.62
https://geekskai.com/projects/,2,220,0.91%,3.66
https://geekskai.com/fr/tools/youtube-shorts-downloader/,2,201,1%,43.83
https://geekskai.com/tools/chivalry-test/,2,168,1.19%,13.74
https://geekskai.com/de/tools/soundcloud-to-mp3/,2,64,3.12%,7.62
https://geekskai.com/ja/tools/vin-decoder/,2,52,3.85%,16.58
https://geekskai.com/ja/tools/strikethrough-text-generator/,2,33,6.06%,9.55
https://geekskai.com/fr/tools/youtube-audio-downloader/,2,28,7.14%,39.71
https://geekskai.com/ar/tools/soundcloud-artwork-downloader/,2,7,28.57%,6.43
https://geekskai.com/ar/tools/soundcloud-playlist-downloader/,2,2,100%,12
https://geekskai.com/blog/myfavouriteplaces-org-blog/,1,79305,0%,7.05
https://geekskai.com/tools/perm-processing-time-tracker/,1,560,0.18%,52.38
https://geekskai.com/tools/json-to-table/,1,442,0.23%,49.26
https://geekskai.com/fr/tools/bpm-ms-converter/,1,201,0.5%,9.88
https://geekskai.com/blog/tools/random-vin-generator-by-year-and-brand/,1,167,0.6%,53.71
https://geekskai.com/tools/morse-code-translator/,1,165,0.61%,41.75
https://geekskai.com/de/tools/random-4-digit-number-generator/,1,146,0.68%,7.31
https://geekskai.com/ko/tools/instagram-bio-fonts/,1,146,0.68%,9.18
https://geekskai.com/es/tools/random-4-digit-number-generator/,1,130,0.77%,17.2
https://geekskai.com/ja/tools/print-test-page/,1,122,0.82%,32.73
https://geekskai.com/tools/bandcamp-album-downloader/,1,118,0.85%,10.63
https://geekskai.com/ko/tools/strikethrough-text-generator/,1,89,1.12%,13.15
https://geekskai.com/tools/job-worth-calculator/,1,89,1.12%,23.38
https://geekskai.com/tools/bandcamp-to-mp3/,1,87,1.15%,9.56
https://geekskai.com/es/tools/convert-inches-to-decimal/,1,86,1.16%,10.55
https://geekskai.com/es/tools/soundcloud-artwork-downloader/,1,85,1.18%,6.38
https://geekskai.com/ko/tools/soundcloud-to-mp3/,1,76,1.32%,7.97
https://geekskai.com/blog/react/react-swr-vite-guide/,1,75,1.33%,36.97
https://geekskai.com/ko/tools/print-test-page/,1,71,1.41%,27.51
https://geekskai.com/de/about/,1,45,2.22%,6.62
https://geekskai.com/ko/tools/zalgo-text-generator/,1,40,2.5%,12.88
https://geekskai.com/tools/soundcloud/,1,37,2.7%,5.57
https://geekskai.com/ja/tools/discord-time-converter/,1,32,3.12%,8.62
https://geekskai.com/de/tools/,1,30,3.33%,10.6
https://geekskai.com/ja/tools/soundcloud-to-mp3/,1,28,3.57%,12.36
https://geekskai.com/es/tools/upside-down-text-generator/,1,28,3.57%,38.82
https://geekskai.com/ar/tools/upside-down-text-generator/,1,27,3.7%,8.78
https://geekskai.com/de/tools/discord-font-generator/,1,26,3.85%,8.15
https://geekskai.com/blog/react/ngx-graph-react-guide/,1,22,4.55%,43.77
https://geekskai.com/ja/tools/discord-font-generator/,1,20,5%,7.05
https://geekskai.com/tools/streaming-music-player/,1,18,5.56%,17.22
https://geekskai.com/blog/online-earning-through-guest-posts-a-smart-way-to-monetize-your-expertise/,1,18,5.56%,70.17
https://geekskai.com/fr/about/,1,17,5.88%,7.59
https://geekskai.com/es/tools/discord-time-converter/,1,16,6.25%,9.44
https://geekskai.com/fr/tools/bandcamp-album-downloader/,1,15,6.67%,9.33
https://geekskai.com/blog/technology/top-computer-science-skills-you-need-to-succeed-in-2026/,1,14,7.14%,60.29
https://geekskai.com/zh-cn/tools/random-ssn-generator/,1,13,7.69%,8.31
https://geekskai.com/es/projects/,1,12,8.33%,11.25
https://geekskai.com/zh-cn/tools/random-vin-generator/,1,11,9.09%,20.91
https://geekskai.com/es/tools/invincible-title-card-generator/,1,10,10%,7.3
https://geekskai.com/fr/tools/random-4-digit-number-generator/,1,9,11.11%,9.56
https://geekskai.com/no/tools/backwards-text-generator/,1,9,11.11%,31
https://geekskai.com/no/tools/youtube-shorts-downloader/,1,9,11.11%,38
https://geekskai.com/de/tools/soundcloud-artwork-downloader/,1,5,20%,11.6
https://geekskai.com/da/tools/bpm-ms-converter/,1,4,25%,4.75
https://geekskai.com/fr/tools/soundcloud-downloader/,1,4,25%,13
https://geekskai.com/zh-cn/tools/youtube-shorts-downloader/,1,3,33.33%,68.67
https://geekskai.com/zh-cn/tools/upside-down-text-generator/,1,2,50%,8.5
https://geekskai.com/zh-cn/tools/soundcloud-downloader/,1,2,50%,21.5
https://geekskai.com/zh-cn/tools/bandcamp-to-mp3/,1,2,50%,70.5
https://geekskai.com/zh-cn/tools/job-worth-calculator/,1,1,100%,1
https://geekskai.com/ar/tools/print-test-page/,1,1,100%,2
https://geekskai.com/de/tools/job-worth-calculator/,1,1,100%,4
https://geekskai.com/de/tools/cm-til-tommer/,1,1,100%,6
https://geekskai.com/zh-cn/tools/cursed-text-generator/,1,1,100%,7
https://geekskai.com/ko/tools/invincible-title-card-generator/,1,1,100%,8
https://geekskai.com/fr/tools/morse-code-translator/,1,1,100%,9
https://geekskai.com/ja/tools/instagram-bio-fonts/,1,1,100%,11
https://geekskai.com/es/tools/youtube-shorts-downloader/,1,1,100%,46
https://geekskai.com/no/tools/cm-to-tommer-converter/,0,2476,0%,10.93
https://geekskai.com/blog/software/best-ehs-software-in-2026/,0,1798,0%,48.64
https://geekskai.com/blog/roblox/jujutsu-shenanigans-codes/,0,1197,0%,20.48
https://geekskai.com/tools/bpm-ms-converter/,0,896,0%,38.72
https://geekskai.com/tools/print-test-page/,0,723,0%,59.09
https://geekskai.com/blog/css/practices-for-using-css-first-child/,0,635,0%,39.14
https://geekskai.com/blog/react/react-editable-tables/,0,554,0%,41.03
https://geekskai.com/tools/heic-to-pdf/,0,438,0%,61.99
https://geekskai.com/no/tools/cm-til-tommer/,0,297,0%,20.27
https://geekskai.com/blog/css/how-to-change-css-of-primevue/,0,277,0%,36.14
https://geekskai.com/blog/ai/resolve-err-ssl-protocol-error-guide/,0,276,0%,74.17
https://geekskai.com/blog/js/check-for-at-least-one-capital-letter-in-js/,0,257,0%,49.1
https://geekskai.com/terms/,0,207,0%,4.41
https://geekskai.com/about/,0,193,0%,4.82
https://geekskai.com/blog/,0,192,0%,7.65
https://geekskai.com/tools/cm-to-tommer-converter/,0,189,0%,25.06
https://geekskai.com/ko/tools/discord-timestamp-generator/,0,153,0%,10.39
https://geekskai.com/privacy/,0,136,0%,4.71
https://geekskai.com/blog/technology/10-best-video-to-video-ai-tools-for-creators-working-with-existing-footage/,0,127,0%,59.63
https://geekskai.com/tags/,0,109,0%,4.62
https://geekskai.com/tools/chromakopia-name-generator/,0,105,0%,12.2
https://geekskai.com/tools/cm-to-pm-converter/,0,101,0%,10.93
https://geekskai.com/blog/what-is-me-engineer/,0,97,0%,63.44
https://geekskai.com/tools/cm-til-tommer/,0,93,0%,34.44
https://geekskai.com/ko/,0,89,0%,5.79
https://geekskai.com/da/,0,88,0%,8.98
https://geekskai.com/no/,0,82,0%,3.98
https://geekskai.com/pricing/,0,82,0%,4.56
https://geekskai.com/blog/ai/explore-crushonais-nsfw-character-ai-chat/,0,80,0%,19.79
https://geekskai.com/es/tools/cm-to-pm-converter/,0,75,0%,12.84
https://geekskai.com/tools/discord-font-generator/,0,72,0%,32.18
https://geekskai.com/blog/typescript/rename-field-keep-jsdoc-typescript/,0,59,0%,40.58
https://geekskai.com/fr/tools/random-vin-generator/,0,51,0%,9.9
https://geekskai.com/no/about/,0,50,0%,6.54
https://geekskai.com/tags/ai/,0,46,0%,9.85
https://geekskai.com/da/about/,0,44,0%,6.11
https://geekskai.com/ko/tools/convert-inches-to-decimal/,0,44,0%,13.8
https://geekskai.com/blog/js/how-to-check-if-character-is-double-quote-in-js/,0,44,0%,45.64
https://geekskai.com/tools/backwards-text-generator/,0,44,0%,50.98
https://geekskai.com/tools/cursed-text-generator/,0,41,0%,38.39
https://geekskai.com/fr/tools/discord-time-converter/,0,39,0%,8.08
https://geekskai.com/de/tools/convert-inches-to-decimal/,0,35,0%,6.37
https://geekskai.com/es/tools/ccm-to-hp-converter/,0,35,0%,8
https://geekskai.com/tools/ccm-to-hp-converter/,0,32,0%,11.81
https://geekskai.com/de/tools/bpm-ms-converter/,0,30,0%,8.73
https://geekskai.com/es/tools/heic-to-pdf/,0,30,0%,48.53
https://geekskai.com/es/about/,0,28,0%,10.29
https://geekskai.com/tags/media-transfer-protocol/,0,28,0%,20.5
https://geekskai.com/fr/tools/strikethrough-text-generator/,0,28,0%,41.11
https://geekskai.com/es/tools/discord-timestamp-generator/,0,27,0%,9.22
https://geekskai.com/es/tools/print-test-page/,0,27,0%,45.3
https://geekskai.com/tools/pixels-to-inches/,0,27,0%,49.78
https://geekskai.com/blog/guide/explore-the-newznavcom-crypto-archives-page/,0,26,0%,8.04
https://geekskai.com/no/tools/soundcloud-artwork-downloader/,0,25,0%,51.12
https://geekskai.com/es/tools/bpm-ms-converter/,0,24,0%,11.96
https://geekskai.com/blog/ai/understanding-mtp-media-transfer-protocol-basics/,0,24,0%,40
https://geekskai.com/blog/ai/ai-song-generator-for-digital-media/,0,23,0%,42.43
https://geekskai.com/tools/convert-inches-to-decimal/,0,21,0%,60.05
https://geekskai.com/ja/tools/cm-to-pm-converter/,0,20,0%,7.5
https://geekskai.com/de/projects/,0,20,0%,11
https://geekskai.com/de/tools/youtube-shorts-downloader/,0,20,0%,51.1
https://geekskai.com/da/tools/,0,19,0%,29.26
https://geekskai.com/es/tools/,0,18,0%,23.06
https://geekskai.com/da/tools/instagram-bio-fonts/,0,18,0%,25.17
https://geekskai.com/tags/business/,0,17,0%,8.06
https://geekskai.com/da/tools/convert-inches-to-decimal/,0,17,0%,14.65
https://geekskai.com/blog/guide/free-chatgdp-unleashing-its-power/,0,17,0%,57.29
https://geekskai.com/ko/tools/fancy-text-generator/,0,16,0%,7.62
https://geekskai.com/ko/tools/bandcamp-to-mp3/,0,16,0%,14.88
https://geekskai.com/ko/tools/inside-out-2-glued-to-phone-test/,0,15,0%,10.6
https://geekskai.com/tools/vin-decoder/,0,15,0%,17.2
https://geekskai.com/tags/ehs/,0,15,0%,19.53
https://geekskai.com/blog/react/utilizing-navlink-for-state-passing-in-react-router/,0,15,0%,37.4
https://geekskai.com/tags/testing-tools/,0,14,0%,20.29
https://geekskai.com/tags/http/,0,14,0%,29.36
https://geekskai.com/de/tools/random-ssn-generator/,0,14,0%,33.36
https://geekskai.com/es/tools/random-ssn-generator/,0,13,0%,13.08
https://geekskai.com/ko/tools/bubble-letter-generator/,0,13,0%,15.69
https://geekskai.com/tools/zalgo-text-generator/,0,13,0%,18.46
https://geekskai.com/fr/tools/,0,13,0%,26.77
https://geekskai.com/tools/fancy-text-generator/,0,13,0%,32.08
https://geekskai.com/blog/ai/ai-song-generator-for-vlog-bgm/,0,13,0%,33.08
https://geekskai.com/blog/crypto-engine-pro-blog-review/,0,13,0%,36.31
https://geekskai.com/ko/tools/cm-to-pm-converter/,0,12,0%,6.83
https://geekskai.com/tools/pund-til-nok-kalkulator/,0,12,0%,9.5
https://geekskai.com/ja/tools/bpm-ms-converter/,0,12,0%,9.83
https://geekskai.com/tools/board-foot-calculator/,0,12,0%,11.58
https://geekskai.com/fr/projects/,0,12,0%,14.75
https://geekskai.com/no/tools/convert-inches-to-decimal/,0,12,0%,17.33
https://geekskai.com/ja/tools/,0,12,0%,17.67
https://geekskai.com/ko/tools/,0,12,0%,21.17
https://geekskai.com/blog/react/react-js-interview-questions-react-arrays-lists/,0,12,0%,21.33
https://geekskai.com/blog/tools/how-to-convert-soundcloud-to-mp3/,0,11,0%,15
https://geekskai.com/tools/snow-day-calculator/,0,11,0%,40.09
https://geekskai.com/blog/audio/how-to-normalize-audio-loudness-lufs/,0,11,0%,57.55
https://geekskai.com/tags/music-tools/,0,10,0%,8.1
https://geekskai.com/ja/tools/discord-timestamp-generator/,0,10,0%,8.4
https://geekskai.com/no/tools/random-4-digit-number-generator/,0,10,0%,8.6
https://geekskai.com/zh-cn/tools/discord-font-generator/,0,10,0%,8.6
https://geekskai.com/tags/automotive-software/,0,10,0%,28.5
https://geekskai.com/tools/strikethrough-text-generator/,0,10,0%,41.2
https://geekskai.com/fr/tools/cursed-text-generator/,0,9,0%,6.89
https://geekskai.com/de/tools/bandcamp-to-mp3/,0,9,0%,8.78
https://geekskai.com/da/tools/fancy-text-generator/,0,9,0%,9.11
https://geekskai.com/es/tools/soundcloud/,0,9,0%,24.89
https://geekskai.com/blog/page/2/,0,9,0%,28
https://geekskai.com/es/tools/vin-decoder/,0,9,0%,32.33
https://geekskai.com/de/tools/vin-decoder/,0,9,0%,44
https://geekskai.com/blog/conquer-the-rcfe-exam-free-practice-test-for-success/,0,8,0%,5.12
https://geekskai.com/da/tools/random-4-digit-number-generator/,0,8,0%,5.38
https://geekskai.com/ja/tools/zalgo-text-generator/,0,8,0%,6.38
https://geekskai.com/fr/tools/discord-font-generator/,0,8,0%,9
https://geekskai.com/tags/technology/,0,8,0%,10
https://geekskai.com/da/tools/vin-decoder/,0,8,0%,16.62
https://geekskai.com/es/tools/cm-to-tommer-converter/,0,8,0%,18.62
https://geekskai.com/no/tools/,0,8,0%,18.62
https://geekskai.com/no/tools/print-test-page/,0,8,0%,22.12
https://geekskai.com/tags/javascript/,0,8,0%,23.25
https://geekskai.com/blog/windows/software-for-file-recovery-myrecover/,0,8,0%,25.75
https://geekskai.com/tags/png-optimization/,0,8,0%,33.88
https://geekskai.com/ko/tools/bandcamp-album-downloader/,0,8,0%,35.38
https://geekskai.com/da/tools/youtube-shorts-downloader/,0,8,0%,41.75
https://geekskai.com/ko/tools/youtube-shorts-downloader/,0,8,0%,43.88
https://geekskai.com/tools/pdf-to-markdown/,0,8,0%,61.75
https://geekskai.com/ja/tools/backwards-text-generator/,0,7,0%,7.14
https://geekskai.com/fr/tools/bandcamp-to-mp3/,0,7,0%,9.29
https://geekskai.com/de/tools/soundcloud-downloader/,0,7,0%,12
https://geekskai.com/audio-toolkit/,0,7,0%,12.86
https://geekskai.com/zh-cn/tools/random-4-digit-number-generator/,0,7,0%,13.14
https://geekskai.com/blog/guide/xnxubd-vpn-browser-apk-ultimate-guide-for-android-users/,0,7,0%,18.71
https://geekskai.com/es/tools/bandcamp-album-downloader/,0,7,0%,21.71
https://geekskai.com/tags/video/,0,7,0%,24.29
https://geekskai.com/zh-cn/tools/bubble-letter-generator/,0,7,0%,28.14
https://geekskai.com/tags/usb/,0,7,0%,33.71
https://geekskai.com/da/tools/pund-til-nok-kalkulator/,0,7,0%,43.86
https://geekskai.com/tags/ui-components/,0,7,0%,47.29
https://geekskai.com/tags/license-code/,0,6,0%,4.67
https://geekskai.com/da/tools/cm-to-tommer-converter/,0,6,0%,10.33
https://geekskai.com/no/tools/morse-code-translator/,0,6,0%,13.5
https://geekskai.com/da/tools/youtube-video-downloader/,0,6,0%,30.83
https://geekskai.com/es/tools/backwards-text-generator/,0,6,0%,40.83
https://geekskai.com/zh-cn/tools/html-to-markdown/,0,6,0%,44.67
https://geekskai.com/no/tools/bandcamp-downloader/,0,6,0%,48
https://geekskai.com/blog/news/suplementy-sportowe-jako-narzedzie-osiagania-celow-treningowych/,0,5,0%,1
https://geekskai.com/de/tools/bubble-letter-generator/,0,5,0%,6.6
https://geekskai.com/ja/tools/bandcamp-to-mp3/,0,5,0%,6.6
https://geekskai.com/tools/bandcamp-downloader/,0,5,0%,6.6
https://geekskai.com/ja/tools/bandcamp-album-downloader/,0,5,0%,7.2
https://geekskai.com/da/tools/backwards-text-generator/,0,5,0%,8.2
https://geekskai.com/de/tools/soundcloud-playlist-downloader/,0,5,0%,9.2
https://geekskai.com/ja/tools/upside-down-text-generator/,0,5,0%,9.6
https://geekskai.com/es/tools/bandcamp-to-mp3/,0,5,0%,14.4
https://geekskai.com/tags/small-business/,0,5,0%,23
https://geekskai.com/es/tools/fancy-text-generator/,0,5,0%,29.8
https://geekskai.com/fr/tools/print-test-page/,0,5,0%,32
https://geekskai.com/blog/react/react-js-interview-questions-react-state-management/,0,5,0%,33
https://geekskai.com/da/tools/cm-til-tommer/,0,5,0%,34.4
https://geekskai.com/blog/ai/how-to-build-mcp-server-for-llms/,0,5,0%,35
https://geekskai.com/es/tools/cm-til-tommer/,0,5,0%,36.4
https://geekskai.com/tags/mobile-shopping/,0,5,0%,48
https://geekskai.com/zh-cn/tools/instagram-bio-fonts/,0,5,0%,49.2
https://geekskai.com/static/images/og/discord-timestamp-generator-og.png,0,4,0%,4.75
https://geekskai.com/zh-cn/tools/chivalry-test/,0,4,0%,5.25
https://geekskai.com/da/tools/bubble-letter-generator/,0,4,0%,6.25
https://geekskai.com/da/tools/strikethrough-text-generator/,0,4,0%,7.25
https://geekskai.com/ko/tools/bandcamp-downloader/,0,4,0%,7.5
https://geekskai.com/zh-cn/tools/bpm-ms-converter/,0,4,0%,7.75
https://geekskai.com/ar/tools/random-4-digit-number-generator/,0,4,0%,8.5
https://geekskai.com/de/tools/strikethrough-text-generator/,0,4,0%,9
https://geekskai.com/de/tools/bandcamp-album-downloader/,0,4,0%,9.25
https://geekskai.com/tags/software-installation/,0,4,0%,10.25
https://geekskai.com/es/tools/vaporwave-text-generator/,0,4,0%,10.5
https://geekskai.com/tags/programs/,0,4,0%,21
https://geekskai.com/es/tools/instagram-bio-fonts/,0,4,0%,22.25
https://geekskai.com/es/tools/zalgo-text-generator/,0,4,0%,24
https://geekskai.com/tools/vin-decoder/nissan/,0,4,0%,30.25
https://geekskai.com/de/tools/random-vin-generator/,0,4,0%,30.5
https://geekskai.com/blog/cloudflare/cloudflare-blog-setup/,0,4,0%,42
https://geekskai.com/tags/community-management/,0,4,0%,51
https://geekskai.com/fr/tools/instagram-bio-fonts/,0,4,0%,62.25
https://geekskai.com/ko/tools/random-ssn-generator/,0,4,0%,67
https://geekskai.com/tags/crypto/,0,3,0%,1
https://geekskai.com/es/tools/streaming-music-player/,0,3,0%,4
https://geekskai.com/de/tools/bandcamp-downloader/,0,3,0%,4.33
https://geekskai.com/tools/instagram-bio-fonts/,0,3,0%,4.67
https://geekskai.com/da/tools/ccm-to-hp-converter/,0,3,0%,5.33
https://geekskai.com/zh-cn/tools/pund-til-nok-kalkulator/,0,3,0%,7
https://geekskai.com/es/tools/bubble-letter-generator/,0,3,0%,7.67
https://geekskai.com/de/tools/cursed-text-generator/,0,3,0%,8
https://geekskai.com/es/tools/bandcamp-downloader/,0,3,0%,8.33
https://geekskai.com/fr/tools/streaming-music-player/,0,3,0%,10
https://geekskai.com/zh-cn/tools/convert-inches-to-decimal/,0,3,0%,11
https://geekskai.com/zh-cn/tools/fancy-text-generator/,0,3,0%,15.67
https://geekskai.com/tools/bubble-letter-generator/,0,3,0%,21
https://geekskai.com/es/tools/vin-decoder/honda,0,3,0%,24
https://geekskai.com/blog/guide/ecrypto1com-crypto-wallets-tips/,0,3,0%,34
https://geekskai.com/tags/string-manipulation/,0,3,0%,34.33
https://geekskai.com/tags/website-growth/,0,3,0%,38.33
https://geekskai.com/tags/vin-validation/,0,3,0%,41.33
https://geekskai.com/blog/guide/how-to-install-turbo-tax-with-a-license-code,0,3,0%,47
https://geekskai.com/tags/me-engineering/,0,3,0%,47
https://geekskai.com/zh-cn/tools/backwards-text-generator/,0,3,0%,49.67
https://geekskai.com/zh-cn/tools/strikethrough-text-generator/,0,3,0%,59.33
https://geekskai.com/ko/tools/job-worth-calculator/,0,3,0%,66.67
https://geekskai.com/tags/social-media-management/,0,3,0%,80.33
https://geekskai.com/ja/tools/cm-to-tommer-converter/,0,2,0%,3
https://geekskai.com/zh-cn/tools/soundcloud-artwork-downloader/,0,2,0%,3
https://geekskai.com/blog/guide/life2vec-crypto-the-ultimate-beginners-guide/,0,2,0%,4
https://geekskai.com/ja/tools/fancy-text-generator/,0,2,0%,4
https://geekskai.com/zh-cn/tools/soundcloud-to-wav/,0,2,0%,4
https://geekskai.com/no/tools/ccm-to-hp-converter/,0,2,0%,4.5
https://geekskai.com/blog/ai/how-ai-is-helping-developers-build-more-global-applications/,0,2,0%,5.5
https://geekskai.com/da/tools/upside-down-text-generator/,0,2,0%,6.5
https://geekskai.com/tags/troubleshooting/,0,2,0%,6.5
https://geekskai.com/de/tools/backwards-text-generator/,0,2,0%,7
https://geekskai.com/ja/tools/invincible-title-card-generator/,0,2,0%,7
https://geekskai.com/fr/tools/vaporwave-text-generator/,0,2,0%,8
https://geekskai.com/tags/tax-preparation/,0,2,0%,8
https://geekskai.com/de/tools/cm-to-pm-converter/,0,2,0%,9
https://geekskai.com/de/tools/json-to-table/,0,2,0%,9.5
https://geekskai.com/blog/react/master-react-js-swag-shop-setup/,0,2,0%,10
https://geekskai.com/fr/tools/ccm-to-hp-converter/,0,2,0%,10
https://geekskai.com/zh-cn/tools/discord-time-converter/,0,2,0%,10
https://geekskai.com/tools/inside-out-2-glued-to-phone-test/,0,2,0%,15.5
https://geekskai.com/tools/vin-decoder/mercedes/,0,2,0%,16
https://geekskai.com/blog/technology/7-leading-python-programming-courses-you-should-take-in-2026/,0,2,0%,22.5
https://geekskai.com/de/tools/fancy-text-generator/,0,2,0%,26
https://geekskai.com/blog/ai/effective-question-drafting-ai-powered-direct-exam-prompts/,0,2,0%,33.5
https://geekskai.com/blog/guide/polish-social-media-algorithms-how-content-appears-before-poland-audiences/,0,2,0%,42.5
https://geekskai.com/ar/tools/snow-day-calculator/,0,2,0%,43
https://geekskai.com/tags/risk-management/,0,2,0%,52
https://geekskai.com/tags/event-planning/,0,2,0%,54
https://geekskai.com/zh-cn/tools/bandcamp-downloader/,0,2,0%,55.5
https://geekskai.com/zh-cn/tools/vin-decoder/,0,2,0%,84
https://geekskai.com/no/tools/tip-screen-generator/,0,2,0%,85.5
https://geekskai.com/blog/guide/easy-southeastern-freight-tracking-guide/,0,2,0%,91.5
https://geekskai.com/ko/tools/vin-decoder/tesla/,0,2,0%,105
https://geekskai.com/blog/news/trenbolon-ist-ein-anabolisches-steroid-das-in-der-bodybuilding-und-fitnessgemeinschaft-weit-verbreitet-ist/,0,1,0%,1
https://geekskai.com/ko/tools/streaming-music-player/,0,1,0%,1
https://geekskai.com/tags/online-health-resources/,0,1,0%,1
https://geekskai.com/tags/website-review/,0,1,0%,1
https://geekskai.com/zh-cn/tools/inside-out-2-glued-to-phone-test/,0,1,0%,1
https://geekskai.com/de/tools/tip-screen-generator/,0,1,0%,2
https://geekskai.com/no/tools/discord-time-converter/,0,1,0%,2
https://geekskai.com/tags/audio/,0,1,0%,2
https://geekskai.com/tags/content-marketing/,0,1,0%,2
https://geekskai.com/da/tools/discord-time-converter/,0,1,0%,3
https://geekskai.com/ja/tools/html-to-markdown/,0,1,0%,3
https://geekskai.com/ko/tools/pund-til-nok-kalkulator/,0,1,0%,3
https://geekskai.com/tools/soundcloud-to-wav,0,1,0%,3
https://geekskai.com/fr/tools/json-to-table/,0,1,0%,4
https://geekskai.com/ko/tools/cm-to-tommer-converter/,0,1,0%,4
https://geekskai.com/ko/tools/perm-processing-time-tracker/,0,1,0%,4
https://geekskai.com/ko/tools/vaporwave-text-generator/,0,1,0%,4
https://geekskai.com/no/tools/pund-til-nok-kalkulator/,0,1,0%,4
https://geekskai.com/no/tools/random-ssn-generator/,0,1,0%,4
https://geekskai.com/tags/legal-tech/,0,1,0%,4
https://geekskai.com/ar/tools/convert-inches-to-decimal/,0,1,0%,5
https://geekskai.com/blog/3d659-com-blog-review/,0,1,0%,5
https://geekskai.com/blog/guide/mastering-pebble-go-next-features-for-educators/,0,1,0%,5
https://geekskai.com/da/tools/cm-to-pm-converter/,0,1,0%,5
https://geekskai.com/da/tools/discord-font-generator/,0,1,0%,5
https://geekskai.com/no/tools/board-foot-calculator/,0,1,0%,5
https://geekskai.com/no/tools/youtube-video-downloader/,0,1,0%,5
https://geekskai.com/ar/tools/board-foot-calculator/,0,1,0%,6
https://geekskai.com/fr/tools/backwards-text-generator/,0,1,0%,6
https://geekskai.com/no/tools/bandcamp-to-mp3/,0,1,0%,6
https://geekskai.com/static/images/og/random-vin-generator.png,0,1,0%,6
https://geekskai.com/tags/ai-in-law/,0,1,0%,6
https://geekskai.com/ar/tools/cm-til-tommer/,0,1,0%,7
https://geekskai.com/de/tools/pund-til-nok-kalkulator/,0,1,0%,7
https://geekskai.com/fr/tools/fancy-text-generator/,0,1,0%,7
https://geekskai.com/ko/tools/ccm-to-hp-converter/,0,1,0%,7
https://geekskai.com/tags/video-editing/,0,1,0%,7
https://geekskai.com/da/tools/soundcloud-to-mp3/,0,1,0%,8
https://geekskai.com/de/tools/upside-down-text-generator/,0,1,0%,8
https://geekskai.com/zh-cn/tools/cm-to-tommer-converter/,0,1,0%,8
https://geekskai.com/blog/guide/addicting-games-online-discover-the-latest-hits/,0,1,0%,9
https://geekskai.com/de/tools/invincible-title-card-generator/,0,1,0%,9
https://geekskai.com/de/tools/perm-processing-time-tracker/,0,1,0%,9
https://geekskai.com/ja/tools/bubble-letter-generator/,0,1,0%,9
https://geekskai.com/ja/tools/ccm-to-hp-converter/,0,1,0%,9
https://geekskai.com/ja/tools/random-vin-generator/,0,1,0%,9
https://geekskai.com/no/tools/snow-day-calculator/,0,1,0%,9
https://geekskai.com/ar/tools/cm-to-pm-converter/,0,1,0%,10
https://geekskai.com/ar/tools/fancy-text-generator/,0,1,0%,10
https://geekskai.com/ar/tools/strikethrough-text-generator/,0,1,0%,10
https://geekskai.com/fr/tools/soundcloud-artwork-downloader/,0,1,0%,10
https://geekskai.com/ja/tools/cm-til-tommer/,0,1,0%,10
https://geekskai.com/es/tools/chromakopia-name-generator/,0,1,0%,11
https://geekskai.com/ja/tools/tip-screen-generator/,0,1,0%,11
https://geekskai.com/ko/tools/chivalry-test/,0,1,0%,11
https://geekskai.com/no/tools/cm-to-pm-converter/,0,1,0%,11
https://geekskai.com/es/tools/board-foot-calculator/,0,1,0%,12
https://geekskai.com/fr/tools/zalgo-text-generator/,0,1,0%,33
https://geekskai.com/blog/ai/website-growth-solutions-garage2global/,0,1,0%,39
https://geekskai.com/ar/tools/random-ssn-generator/,0,1,0%,42
https://geekskai.com/ja/tools/pund-til-nok-kalkulator/,0,1,0%,47
https://geekskai.com/blog/guide/unveiling-mechanical-engineering-salary-trends/,0,1,0%,50
https://geekskai.com/es/tools/snow-day-calculator/,0,1,0%,68
https://geekskai.com/blog/technology/how-smart-cities-are-using-license-plate-reader-software/,0,1,0%,98
https://geekskai.com/no/tools/zalgo-text-generator/,0,1,0%,122
https://geekskai.com/zh-cn/tools/vin-decoder/honda/,0,1,0%,132
https://geekskai.com/es/tools/pund-til-nok-kalkulator/,0,1,0%,137
https://geekskai.com/zh-cn/tools/vin-decoder/vehicle-types/motorcycle/,0,1,0%,157