Top queries,Clicks,Impressions,CTR,Position
soundcloud to wav,5275,21188,24.9%,2.78
soundcloud to wav converter,3998,15087,26.5%,3.09
soundcloud to mp3,799,54569,1.46%,8.5
soundcloud playlist downloader,747,5470,13.66%,6.64
soundcloud to wav downloader,530,3271,16.2%,4.78
soundcloud converter wav,420,4082,10.29%,4.7
soundcloud wav downloader,367,3169,11.58%,5.56
soundcloud downloader wav,256,3697,6.92%,5.65
soundcloud playlist to wav,253,572,44.23%,2.56
soundcloud playlist downloader wav free,252,712,35.39%,2.89
soundcloud playlist download,234,1592,14.7%,5.94
download soundcloud song wav,233,1213,19.21%,3.5
soundcloud playlist download wav,195,538,36.25%,2.52
iamrestaurant.com,185,29128,0.64%,8.31
soundcloud wav,181,1892,9.57%,5.54
download soundcloud playlist,175,1259,13.9%,6.39
geekskai,153,210,72.86%,1
soundcloud to mp3 player,126,9586,1.31%,8.02
download soundcloud songs to wav,123,552,22.28%,3.92
soundcloud music download wav,109,1176,9.27%,5.2
convertidor soundcloud a wav,105,841,12.49%,4.36
soundcloud converter,99,5677,1.74%,8.3
convertidor de soundcloud a wav,98,988,9.92%,5.03
souncloud to wav,96,441,21.77%,2.99
soundcloud mp3,91,3437,2.65%,9.9
soundcloud playlist to mp3,90,764,11.78%,5.08
sound cloud to wav,87,334,26.05%,2.69
soundcloud mp3 converter,74,3116,2.37%,8.54
soundcloud a wav,73,962,7.59%,5.38
soundcloud to wav converter free,73,341,21.41%,4.09
download from soundcloud to wav,67,1112,6.03%,5.21
soundcloud wav download,66,760,8.68%,6.2
soundcloud converter to wav,65,776,8.38%,4.25
soundcloud download wav,63,131566,0.05%,6.43
soundcloud to mp3 320,63,681,9.25%,10.23
soundcloud wav converter,63,575,10.96%,4.92
soundcloud ripper wav,63,543,11.6%,4.53
soundcloud playlist converter wav,62,150,41.33%,3.22
soundcloud to .wav,60,191,31.41%,2.15
soundcloud downloader high quality wav,57,519,10.98%,5.31
soundcloud download to wav,57,472,12.08%,4.68
descargar de soundcloud a wav,55,1123,4.9%,6.86
soundcloud playlist to mp3 player,51,691,7.38%,5.59
soundcloud to mp3 converter,50,1378,3.63%,11.4
soundcloud downloader to wav,50,588,8.5%,5.94
soundcloud to wav free,50,379,13.19%,4.77
geeksai,50,82,60.98%,1.5
download soundcloud wav,46,621,7.41%,6.6
download soundcloud to wav,46,418,11%,5.68
soundcloud download wav free,46,250,18.4%,3.98
soundcloud to wav 320kbps,45,345,13.04%,4.68
ecrypto1.com,42,10435,0.4%,9.55
download soundcloud playlist to wav,41,131,31.3%,2.85
soundcloud to wav file,40,197,20.3%,4.1
download playlist soundcloud wav,39,132,29.55%,4.17
investiit.com,38,6876,0.55%,7.94
soundcloud song download wav,38,312,12.18%,4.53
soundcloud playlist to wav downloader,38,58,65.52%,2.33
sc to wav,36,536,6.72%,5.83
descargar musica de soundcloud wav,35,1392,2.51%,6.97
de soundcloud a wav,35,262,13.36%,5.1
soundcloud link to wav,34,209,16.27%,5.13
descargar soundcloud wav,32,337,9.5%,6.11
soundcloud to wave,31,379,8.18%,5.42
soundlcoud to wav,30,128,23.44%,2.19
unblocked music,29,245,11.84%,33.08
download soundcloud playlist wav,29,99,29.29%,3.58
soudcloud to wav,29,78,37.18%,2.45
youtube downloader,28,66,42.42%,125.47
download soundcloud audio wav,27,445,6.07%,6.45
soundcloud download playlist,27,317,8.52%,7.68
soundcloud downloader playlist,26,264,9.85%,6.96
convert soundcloud to wav,26,183,14.21%,5.28
soundcloud to wac,26,121,21.49%,2.61
soundcloud song downloader wav,24,756,3.17%,6.65
descargar musica soundcloud wav,24,515,4.66%,7.1
download from soundcloud to wav free,24,108,22.22%,3.45
convertisseur soundcloud wav,23,273,8.42%,7.28
download soundcloud playlists,23,249,9.24%,6.34
soundloud to wav,22,66,33.33%,2.88
скачать с soundcloud wav,21,350,6%,6.49
soundcloud playlist converter,21,165,12.73%,6.01
soundclout to wav,21,63,33.33%,2.84
download soundcloud music wav,20,438,4.57%,6.87
music unblocked,20,94,21.28%,35.6
soundcloud link download wav,19,439,4.33%,6.27
soundcloud to mp3 320kbps,19,251,7.57%,10.65
soundcloud to wav download,19,225,8.44%,6.15
soundcloud downloader wav file,19,209,9.09%,6.22
download playlist soundcloud,19,194,9.79%,7.36
soundcloud downloader playlist wav,19,88,21.59%,5.66
soundcloud downloader wav free,18,175,10.29%,6.19
from soundcloud to wav,18,142,12.68%,5.52
soundcloudtowav,18,67,26.87%,2.21
soundclod to wav,18,67,26.87%,2.52
soundcloud download wav online,17,151,11.26%,4.59
soundcloud playlist downloader wav,17,53,32.08%,3.04
soundcloud converter mp3,16,590,2.71%,9.33
soundcloud downloader 320kbps wav,16,384,4.17%,8.07
download wav from soundcloud,16,161,9.94%,6.88
youtube 1080p ダウンロード,16,130,12.31%,7.64
converter soundcloud to wav,16,108,14.81%,4.58
soudncloud to wav,16,76,21.05%,3.13
soundcloud to waw,16,76,21.05%,3.5
soundcloud playlist to wav converter,16,73,21.92%,4.14
soundcoud to wav,16,60,26.67%,2.82
sound cloud to mp3,15,1167,1.29%,8.42
descargar musica de soundcloud en wav,15,743,2.02%,7.41
souncloud to mp3,15,683,2.2%,8.4
downloader soundcloud wav,15,520,2.88%,6.44
tải nhạc soundcloud wav,15,386,3.89%,6.67
convertidor soundcloud wav,15,178,8.43%,4.06
free soundcloud downloader wav,15,140,10.71%,5.12
soundcloud to wav downloader free,15,138,10.87%,5.66
rip soundcloud to wav,15,121,12.4%,4.6
sound cloud playlist downloader,15,85,17.65%,6.38
soundcloud converter wav free,15,62,24.19%,4.4
soundclud to wav,15,58,25.86%,2.79
youtubeダウンローダー,15,45,33.33%,47.44
soundcloud to mo3,14,681,2.06%,8.6
скачать с саундклауда wav,14,629,2.23%,7.64
soundcloud mp3 converter download,14,466,3%,9.18
soundcloud download mp3,14,350,4%,11.57
download playlist from soundcloud,14,106,13.21%,6.77
youtube 1080p ダウンロード ブラウザ,14,85,16.47%,10.06
soundclound to wav,14,79,17.72%,3.18
download song from soundcloud wav,13,329,3.95%,5.99
soundcloud downloader,13,306,4.25%,28.83
download wav soundcloud,13,167,7.78%,6.86
youtube ダウンロード 1080p,13,117,11.11%,11.24
soundcloud download song wav,13,82,15.85%,4.88
convertir soundcloud a wav,13,77,16.88%,5.19
soundcliud to wav,13,45,28.89%,2.42
soundcloud towav,13,39,33.33%,2.62
download music soundcloud wav,12,459,2.61%,6.34
soundcloud mp3 download,12,402,2.99%,10.46
converter soundcloud para wav,12,239,5.02%,6.11
fake tip screen website,12,210,5.71%,4.57
soundcloud wave downloader,12,78,15.38%,4.9
youtube mp4,12,57,21.05%,92.28
playlist download soundcloud,12,53,22.64%,4.68
youtube mp4 url,12,41,29.27%,14.83
soundcloud mp3 player,11,1233,0.89%,8.03
soundcloud convert,11,651,1.69%,8.45
baixar do soundcloud em wav,11,327,3.36%,5.61
baixar soundcloud wav,11,176,6.25%,5.67
baixar playlist soundcloud wav,11,137,8.03%,6.8
playlist soundcloud download,11,86,12.79%,7.38
soundcloud to wab,11,75,14.67%,3
free soundcloud to wav converter,11,50,22%,4.54
soundcloud convertisseur wav,11,47,23.4%,7.34
soundcloud url to wav,11,42,26.19%,5
скачать музыку с саундклауд wav,10,659,1.52%,7.15
soundcloud to mp3 file,10,579,1.73%,9.53
soundcloud to download wav,10,97,10.31%,4.25
descargar playlist soundcloud,10,78,12.82%,5.83
soundcloud to wav convert,10,75,13.33%,4.04
soundcloud playlist downlaoder,10,67,14.93%,5.28
soundcloud playlist downloaded,10,66,15.15%,5.02
convertidor soundcloud,9,657,1.37%,8.46
soundcloud converter to mp3,9,187,4.81%,9.88
download from soundcloud wav,9,175,5.14%,8.22
best soundcloud to wav converter,9,160,5.62%,7.58
descargar soundcloud a wav,9,131,6.87%,6.67
download soundcloud playlist to files,9,114,7.89%,7.84
convertidor de soundcloud a wav alta calidad,9,87,10.34%,4.97
soundcloud rip wav,9,77,11.69%,4.42
soundcloud 2 wav,9,74,12.16%,3.84
soundcloud playlist mp3,9,69,13.04%,7.62
download soundcloud link to wav,9,67,13.43%,5.07
descargar playlist de soundcloud,9,57,15.79%,8.79
soundcloud converter playlist,9,47,19.15%,6.36
ユーチューブダウンローダー,9,25,36%,34.72
youtube ダウンローダー,9,18,50%,51.5
mp3 soundcloud converter,8,445,1.8%,8.91
conversor soundcloud wav,8,362,2.21%,6.28
soundcloud audio downloader wav,8,233,3.43%,6.55
soundcloud audio download wav,8,208,3.85%,5.45
soundcloud to mp3 playlist,8,156,5.13%,6.26
descargar canciones soundcloud wav,8,155,5.16%,5.45
soundcloud downloader with metadata,8,117,6.84%,6.01
soundcloud music downloader wav,8,117,6.84%,6.73
soundcloud download,8,106,7.55%,25
download soundcloud playlist free,8,85,9.41%,5.49
youtube ダウンロード hd,8,85,9.41%,7.35
soundcloud download playlist free,8,52,15.38%,5.25
soundcloud convert to wav,8,48,16.67%,6.1
soundcloud playlist download free,8,42,19.05%,5.38
soundcloudto wav,8,31,25.81%,2.71
youtube download 1080p,8,24,33.33%,21.88
soundcloud download music wav,7,258,2.71%,7.53
soundcloud to mp3 download,7,201,3.48%,11.2
download soundcloud songs wav,7,195,3.59%,7.75
descargar cancion de soundcloud en wav,7,153,4.58%,6.7
soundcloud to mp3 free,7,120,5.83%,9.72
descargar wav de soundcloud,7,113,6.19%,7.09
conversor de soundcloud a wav,7,102,6.86%,5.46
youtube ダウンロード 1080p ブラウザ,7,97,7.22%,7.51
descargar wav soundcloud,7,84,8.33%,5.88
soundcloud to mp3 320 kbps,7,82,8.54%,10.02
convertidor soundcloud alta calidad,7,77,9.09%,8.48
soundcloud playlist downloader free,7,69,10.14%,7.19
wav downloader soundcloud,7,60,11.67%,7.15
unblocked music websites,7,41,17.07%,33.61
download sound cloud playlist,7,36,19.44%,7.33
download souncloud playlist,7,30,23.33%,5.23
youtube ダウンロード ブラウザ,7,20,35%,48.55
無料youtubeダウンローダー,7,11,63.64%,60.91
オンラインyoutubeダウンローダー,7,9,77.78%,46.44
soundcloud mp3 download converter,6,494,1.21%,9.49
mp3 converter soundcloud,6,353,1.7%,9.45
soundcloud 2 mp3,6,275,2.18%,9.37
unblocked proxy,6,261,2.3%,47.25
download soundcloud mp3,6,201,2.99%,12.84
baixar musica soundcloud wav,6,175,3.43%,5.41
sc downloader wav,6,155,3.87%,6.41
soundcloud download mp3 converter,6,124,4.84%,10.85
soundcloud converter online,6,119,5.04%,10.12
soundcloud mp3 convert 320,6,105,5.71%,9.78
playlist downloader soundcloud,6,99,6.06%,6.76
souncloud playlist downloader,6,98,6.12%,6.83
soundcloud link to mp3 converter,6,72,8.33%,10.76
descargar musica soundcloud a wav,6,65,9.23%,5.71
sound cloud playlist download,6,58,10.34%,6.34
wav download soundcloud,6,43,13.95%,5.84
download soundcloud tracks to wav,6,36,16.67%,4.89
soundcloud playlist converter online,6,36,16.67%,6.36
soundcloud mp3 playlist,6,35,17.14%,8.57
オンラインyoutubeダウンロード,6,27,22.22%,13.19
soundclou to wav,6,26,23.08%,3.23
soundcloud playlists download,6,18,33.33%,4.17
make1m.com,5,935,0.53%,25.73
soundcloud convert to mp3,5,273,1.83%,9.97
convert soundcloud to mp3,5,251,1.99%,10.79
download soundcloud to mp3,5,246,2.03%,9.88
descargar canciones de soundcloud en wav,5,142,3.52%,7.35
wav soundcloud,5,122,4.1%,6.21
converter soundcloud wav,5,112,4.46%,7.23
soundcloud wave,5,90,5.56%,8.4
spundcloud to mp3,5,85,5.88%,8.32
download music from soundcloud wav,5,78,6.41%,7.96
descargador soundcloud wav,5,72,6.94%,6.49
descargar desde soundcloud a wav,5,70,7.14%,6.4
baixar wav soundcloud,5,70,7.14%,6.5
download soundcloud wav free,5,68,7.35%,4.85
high quality soundcloud to wav,5,63,7.94%,5.63
soundcloud descargar wav,5,63,7.94%,6.83
download songs from soundcloud wav,5,62,8.06%,4.6
descarga soundcloud wav,5,60,8.33%,6.25
soundcloud wav downloader online,5,59,8.47%,6.36
download soundcloud,5,54,9.26%,25.54
youtube 保存 1080,5,51,9.8%,10.61
download playlist soundcloud online,5,42,11.9%,5.38
soundcloud playlist download mp3,5,39,12.82%,5.38
soundcloud download 320,5,37,13.51%,16.78
soundcloud playlist downloader online,5,35,14.29%,8.29
wav converter soundcloud,5,33,15.15%,5.12
soundcloudwav,5,33,15.15%,5.88
download soundcloud 320,5,26,19.23%,14.5
soundcloud.wav,5,24,20.83%,5.67
tip screen generator,5,23,21.74%,2.57
soundcloud playlist donwloader,5,23,21.74%,5.74
youtube 1080p 保存,5,21,23.81%,15.29
soundclodu to wav,5,19,26.32%,2.74
soundcloud to mp3 converter 320kbps,5,19,26.32%,13.05
youtube hd ダウンロード,5,16,31.25%,12.5
ユーチューブ無料ダウンローダー,5,15,33.33%,49.2
soundcloud to high quality wav,5,13,38.46%,2.69
geekskai soundcloud,5,6,83.33%,1
soundcloud convertor,4,412,0.97%,8.02
mp3 soundcloud,4,212,1.89%,9.91
soundcloud download convert,4,159,2.52%,8.87
soundcloud to må3,4,151,2.65%,8.08
download from soundcloud,4,82,4.88%,12.3
descargar cancion soundcloud wav,4,80,5%,5.7
wav downloader,4,69,5.8%,12.58
descargar música de soundcloud en wav,4,67,5.97%,6.46
unblock websites,4,57,7.02%,76.16
скачать музыку с soundcloud в wav,4,51,7.84%,6.65
soundcloud convert wav,4,50,8%,6.38
사운드클라우드 음원 추출 wav,4,49,8.16%,4.39
convertir de soundcloud a wav,4,49,8.16%,5.73
soundcloud wav downloader free,4,49,8.16%,6.47
download soundcloud wav files,4,45,8.89%,7.58
soundcloud 320 mp3 converter,4,45,8.89%,9.91
soundcloud downloader online wav,4,42,9.52%,6.14
souncloud a wav,4,36,11.11%,4.67
soundcloud link to wav converter,4,35,11.43%,4.51
soundcloud download playlists,4,35,11.43%,6.63
soundcloud to wa,4,34,11.76%,3.85
soundcloud to audio,4,33,12.12%,8
soundcloud download wav file,4,32,12.5%,5.75
download soundcloud mp3 320,4,31,12.9%,10.61
youtube ダウンロード 1080,4,29,13.79%,11.17
soundcloud playlist dowloader,4,28,14.29%,5.82
soundcloud playlist ripper,4,26,15.38%,6.12
download whole soundcloud playlist,4,26,15.38%,8.46
soundcloud track downloader wav,4,25,16%,5.64
soundcloud to mp3 320 converter free,4,25,16%,14.68
soundcloud playlist to mp3 converter,4,23,17.39%,8
soundcloud to wav online,4,21,19.05%,5.1
youtube video downloader,4,21,19.05%,127.29
soundcloud downloader wave,4,18,22.22%,5.44
free soundcloud playlist downloader,4,18,22.22%,7.5
youtube mp4 ダウンロード,4,18,22.22%,49.83
download soundcloud high quality wav,4,17,23.53%,3.29
soundcloud to mp3 320kbps download,4,16,25%,8.5
youtube downloader mp4,4,12,33.33%,55.42
kostenloser soundcloud downloader wav,4,9,44.44%,12
youtube to mp4 hd,4,9,44.44%,25.78
オンラインユーチューブダウンローダー,4,8,50%,52.75
www.iamrestaurant.com,3,574,0.52%,25.92
soundcloudtomp3,3,257,1.17%,9.51
soundcloud mp3 wav,3,230,1.3%,7.17
bingo bash free chips,3,217,1.38%,26.68
soundcloud tool,3,167,1.8%,8.83
soundclound to mp3,3,148,2.03%,8.39
descargar musica de soundcloud a wav,3,140,2.14%,7.1
sound cloud mp3 converter,3,139,2.16%,8.25
"soundcloud downloader 320kbps, wav",3,116,2.59%,7.4
listen to free music unblocked,3,106,2.83%,76.5
custom tip screen,3,97,3.09%,5.18
convertitore soundcloud wav,3,97,3.09%,5.22
soundcloud download online wav,3,89,3.37%,6.02
sites like 123movies,3,89,3.37%,41.26
free fake tip screen,3,76,3.95%,2.76
download soundcloud list,3,58,5.17%,7.62
unblocked music sites,3,57,5.26%,29.72
soundcloud ripper,3,55,5.45%,12.69
descargar soundcloud convertidor,3,54,5.56%,8.63
youtube ダウンロード ブラウザ 1080p,3,45,6.67%,7.91
mp3 converter soundcloud download,3,39,7.69%,11.18
descargar de soundcloud wav,3,35,8.57%,5.11
soundcloud playlist downloader mp3,3,32,9.38%,4.84
soundcloud to 320,3,31,9.68%,11.58
youtube mp4 1080p,3,30,10%,14.6
proxy unblock websites,3,30,10%,65.37
soundcloud to mp3 320 free,3,29,10.34%,9.66
soundcloud convert to mp3 320,3,26,11.54%,11.31
soundcloud playlist downloder,3,24,12.5%,7.17
sound cloud wav,3,23,13.04%,7.04
soundcloud download mp3 320,3,23,13.04%,12.13
soundcloud 320 converter,3,22,13.64%,9.59
скачать плейлист саундклауд онлайн,3,20,15%,10.7
soundcloud converter mp3 320,3,20,15%,13.05
soundcloud album download,3,19,15.79%,7
soundcould to wav,3,17,17.65%,2.53
soundcloud to wav.,3,12,25%,3.5
動画ダウンロード 1080p,3,11,27.27%,15.91
youtube mp4 ブラウザ,3,9,33.33%,29
descargar listas soundcloud,3,8,37.5%,8.62
youtube downloader online,3,6,50%,50.5
soundcloud wave converter,3,5,60%,2.6
url mp4 ダウンロード,3,4,75%,33
無料 youtube ダウンローダー,3,3,100%,105
content://cz.mobilesoft.appblock.fileprovider/cache/blank.html,2,5640,0.04%,11.55
mp3 soundcloud convertor,2,196,1.02%,8.64
convertidor de soundcloud a mp3 wav,2,181,1.1%,8.24
soundcloud to mp3 legal,2,176,1.14%,7.45
soundcloud mp3 player converter,2,150,1.33%,7.59
unblocked proxies,2,150,1.33%,42.23
converter soundcloud,2,140,1.43%,7.86
soundcloud convert mp3,2,135,1.48%,10.16
soundcloud to audio file,2,128,1.56%,9.25
soundclout to mp3,2,117,1.71%,8.52
soundcloudto mp3,2,105,1.9%,8.67
soudcloud to mp3,2,103,1.94%,8.52
invincible title card maker,2,101,1.98%,12.39
soundcloud mp3 convert,2,98,2.04%,10.9
unblocked proxy sites,2,95,2.11%,48.48
soundcloud convertidor,2,92,2.17%,10.1
soundcloud para wav,2,84,2.38%,5.85
sound cloud mp3,2,84,2.38%,9.6
soundcloud mo3,2,78,2.56%,8.94
soundclous to mp3,2,76,2.63%,8.2
conversor soundcloud para wav,2,75,2.67%,4.61
soundcloud 下载 wav,2,72,2.78%,7.07
soundcloud online converter,2,72,2.78%,9.17
soundcloud link converter,2,70,2.86%,9.11
soundcloud mp3 320,2,70,2.86%,12.34
soundcloud tp mp3,2,69,2.9%,8.07
download audio soundcloud wav,2,68,2.94%,6.26
bajar soundcloud wav,2,64,3.12%,5.69
soundcloud file converter,2,63,3.17%,7.25
souncloud mp3,2,63,3.17%,9.22
soundcloud mp3 converte,2,62,3.23%,8.5
unblock proxy sites,2,58,3.45%,57.81
wav soundcloud downloader,2,54,3.7%,7.57
soundcloud to mp3 320kps,2,50,4%,9.42
convert soundcloud to mp3 online,2,50,4%,9.5
soundcloud wav indir,2,46,4.35%,6.65
soundcloud download wave,2,45,4.44%,5.78
soundcloud to mp3 playlist downloader,2,45,4.44%,6.93
soundcloud convert mp3 320kbps,2,44,4.55%,10.59
download soundcloud link wav,2,42,4.76%,5.02
unblocked websites,2,41,4.88%,52.17
soundcloud playlist dl,2,40,5%,6.72
unblock music,2,40,5%,20
download soundcloud song to wav,2,39,5.13%,4.87
soundcloud music converter,2,38,5.26%,11.16
free unblocked music,2,38,5.26%,41.84
soundcloud to wav high quality,2,35,5.71%,7.11
soundlcloud to mp3,2,35,5.71%,8.06
soundcloud playlist downloade,2,34,5.88%,6.97
unblocked music player,2,34,5.88%,61.5
скачать музыку soundcloud wav,2,33,6.06%,7.85
free music unblocked,2,33,6.06%,48.03
soundcloud music converter mp3,2,31,6.45%,9.35
mp3 converter soundcloud link,2,30,6.67%,9.63
unblocked sites,2,28,7.14%,49.75
download entire soundcloud playlist,2,27,7.41%,7.52
soundcloud to mp3 converter free,2,27,7.41%,11.56
オンラインyoutube無料ダウンローダー,2,27,7.41%,20.44
soundcloud mp3 downloader,2,27,7.41%,22.15
soundcloud free download wav,2,26,7.69%,5.46
wav soundcloud download,2,26,7.69%,6.42
telecharger playlist soundcloud,2,26,7.69%,11.5
soundcloud 320 download,2,26,7.69%,17.85
soundcloud playlist free download,2,24,8.33%,7.92
soundcloud to mp3 320k,2,24,8.33%,9.54
無料オンラインyoutubeダウンロード,2,24,8.33%,16.79
soundcloud playlist download online,2,23,8.7%,5.96
sound cloud download wav,2,23,8.7%,6.3
descargar listas de soundcloud,2,23,8.7%,7.04
soundcloud to mp3 320kbs,2,23,8.7%,10.87
download soundcloud converter,2,22,9.09%,13.36
soundcloud converter mp3 download,2,21,9.52%,9.81
download soundcloud playlist to mp3,2,20,10%,3.7
soundcloud set downloader,2,20,10%,6.45
soundcloud downloader online,2,20,10%,22.05
shorts downloader,2,20,10%,64.25
convert soundcloud playlist to mp3,2,19,10.53%,8.26
conversor soundcloud playlist,2,19,10.53%,9.47
soundcloud playlist convert to mp3,2,19,10.53%,10.95
download a soundcloud playlist,2,18,11.11%,4.94
download from soundcloud playlist,2,18,11.11%,6.17
youtube 1080p,2,17,11.76%,6
sound cloud playlist to mp3,2,16,12.5%,4.75
soundcloudplaylist downloader,2,16,12.5%,6.62
soundcloud playlist mp3 download,2,15,13.33%,6.53
how to download playlist on soundcloud,2,15,13.33%,7.27
youtubeダウンロード1080p,2,15,13.33%,12
website unblocker proxy,2,15,13.33%,73.53
soundcloud url download,2,14,14.29%,11.64
soundcloud playlist dowload,2,13,15.38%,5.92
soundcloud free download playlist,2,13,15.38%,6.77
youtube ダウンローダー 1080p,2,13,15.38%,9
soundcloud download mp3 320kbps,2,13,15.38%,15.23
soundcloud wav converter free,2,12,16.67%,5.42
soundcloud to mp3 320 online,2,12,16.67%,7.83
youtubeダウンロード 1080p,2,12,16.67%,10.5
soundcloud converter 320,2,12,16.67%,11.17
soundcloud mp3 320 download,2,12,16.67%,18.5
soundcloud to mp3 convert 320,2,12,16.67%,19.75
無料オンラインyoutubeダウンローダー,2,12,16.67%,20.42
souncloud playlist to mp3,2,11,18.18%,5.09
soundcloud playlist downlaod,2,11,18.18%,6.55
ecrypto1.com crypto security,2,11,18.18%,10.27
youtube 動画保存 1080,2,11,18.18%,10.55
soundcloud to mp3 free online,2,11,18.18%,10.82
youtube ダウンロード,2,11,18.18%,12.82
playlist soundcloud to mp3,2,10,20%,6.8
baixar playlist soundcloud,2,10,20%,9.8
soundcloud to mp3 online free,2,10,20%,10.5
descargar audio de soundcloud en alta calidad,2,10,20%,13.1
youtube mp4 downloader,2,10,20%,55.5
download playlists from soundcloud,2,9,22.22%,6.78
soundcloud converter 320 kbps,2,9,22.22%,12.33
youtube url ダウンロード,2,9,22.22%,19.56
invincible font generator,2,9,22.22%,32.67
proxy unblock site,2,8,25%,87.38
soundcloud 320kbps converter,2,7,28.57%,12.14
скачать плейлист с soundcloud,2,7,28.57%,12.29
descargar videos 1080p,2,7,28.57%,17
souncloud mp3 download,2,7,28.57%,18.14
not blocked music sites,2,7,28.57%,34.29
soundclound wav,2,6,33.33%,5.5
youtube download audio,2,6,33.33%,11.5
soundcloud 320 kbps download,2,6,33.33%,15.17
soundcloud ke mp3,2,6,33.33%,17
動画ダウンロード url 貼り 付け youtube,2,6,33.33%,20.83
music free unblocked,2,6,33.33%,40.83
you tube mp4 ダウンロード,2,6,33.33%,42
free youtube video downloader,2,6,33.33%,145
soundcloud to wave converter,2,5,40%,1.8
youtube download 720p,2,5,40%,8
youtube 動画 保存 1080p,2,5,40%,10.6
youtubeダウンロード 1080p ブラウザ,2,5,40%,13.4
youtube ダウンロード 720p,2,5,40%,23.6
un blocked music,2,5,40%,32.6
youtubeダウンロード ブラウザ,2,5,40%,62.4
mp4 youtube,2,5,40%,110.6
youtubeダウンローダーオンライン,2,4,50%,28.5
youtubeダウンローダー ブラウザ,2,4,50%,43.5
youtube mp4 download,2,4,50%,57.25
youtube 無料 ダウンロード,2,4,50%,64.25
soundcloud to wavb,2,3,66.67%,1.33
youtube 年齢制限 ダウンロード ブラウザ,2,3,66.67%,12.67
youtube ダウンロード オンライン 無料,2,3,66.67%,24.33
youtubeダウンローダーmp4,2,3,66.67%,26.33
mp4 ダウンロード 無料,2,3,66.67%,42.33
youtubeダウンローダー 無料,2,3,66.67%,48.67
android,2,2,100%,1.5
youtube 720p ダウンロード,2,2,100%,18.5
youtube mp4ダウンロード,2,2,100%,33.5
youtube ダウンローダー web,2,2,100%,69.5
fake tip screen,1,425,0.24%,7.08
myfavouriteplaces.org hacks tips,1,383,0.26%,8.3
soundlcoud to mp3,1,274,0.36%,8.19
soundcloud to mpe,1,198,0.51%,9.76
convertidor de soundcloud,1,192,0.52%,9.67
soundcloud to.mp3,1,161,0.62%,8.42
soundcloud to mp3 audio,1,157,0.64%,9.61
descargar canciones de soundcloud wav,1,154,0.65%,7.23
soundloud to mp3,1,139,0.72%,8.53
baixar música soundcloud wav,1,132,0.76%,6.78
make1m.com millionaire,1,130,0.77%,12.02
soundclud to mp3,1,127,0.79%,8.25
soundcloud mp3 convertor,1,117,0.85%,8.8
chivalry test,1,111,0.9%,13.42
souncloud converter,1,110,0.91%,8.11
soundcloud download converter,1,104,0.96%,10.08
soundcloud mq3,1,102,0.98%,8.08
iamrestaurant,1,98,1.02%,8.74
soundcloud tomp3,1,98,1.02%,9.15
soundcloud audio converter,1,97,1.03%,9.13
bingo bash freebies,1,97,1.03%,26.86
content //cz.mobilesoft.appblock.fileprovider/cache/blank.html,1,94,1.06%,14.68
soundcloud to mp3 convert,1,92,1.09%,11.24
soundcloud song converter,1,86,1.16%,8.07
proxy unblocked,1,85,1.18%,50.8
discord time zone converter,1,84,1.19%,12.81
unblocked music streaming,1,81,1.23%,37.43
soundcloud to mp3 high quality,1,80,1.25%,9.49
soundcloud to mp 3,1,75,1.33%,10.25
descarga de soundcloud a wav,1,73,1.37%,7.15
soundcloud to mp,1,73,1.37%,9.15
sound loud to mp3,1,70,1.43%,8.29
скачать с саундклауд wav,1,69,1.45%,8.03
download soundcloud audio mp3,1,69,1.45%,9.84
soundcloud mp3 convertitore,1,63,1.59%,6.94
4 digit lucky number generator free,1,62,1.61%,10.55
soundcloud to mp3 wav,1,60,1.67%,8.42
soundcloud downloader 320kbps wav free,1,59,1.69%,8.31
사운드클라우드 mp3 변환기,1,57,1.75%,8.74
soundcloud mp3 converter link,1,57,1.75%,8.93
free bingo bash,1,56,1.79%,71.68
soundcloud.mp3,1,55,1.82%,10.62
baixar musica do soundcloud em wav,1,52,1.92%,6.31
convert from soundcloud to mp3,1,51,1.96%,8.86
soundclou to mp3,1,48,2.08%,8.48
soundcloud to mp3 player converter,1,48,2.08%,9.35
aoundcloud to mp3,1,47,2.13%,9.13
souncloud wav,1,45,2.22%,5.87
soundcloudplaylistdownloader,1,45,2.22%,6.58
soundcloud mps converter,1,45,2.22%,8.42
soubdcloud to mp3,1,44,2.27%,8.14
unblock proxy site,1,44,2.27%,65.36
soundcloud conveter,1,43,2.33%,8.28
conversor soundcloud,1,43,2.33%,11.42
soundcloud downloader wav online,1,42,2.38%,6.45
オンラインyoutube動画ダウンロード,1,41,2.44%,10.46
soundcloyd to mp3,1,40,2.5%,8.18
convertidor souncloud,1,40,2.5%,8.68
soundcloud to mp3 converter website,1,40,2.5%,11.75
soundcloud to mp3 convertor,1,37,2.7%,14.73
soindcloud to mp3,1,35,2.86%,7.94
soundscloud to mp3,1,35,2.86%,8.57
convert soundcloud to mp3 320kbps,1,35,2.86%,8.77
soundcloud-to-mp3,1,35,2.86%,9.14
soundcloud mp3 converter 320,1,35,2.86%,11.63
sundcloud to mp3,1,33,3.03%,8.27
soundcloud ti mp3,1,33,3.03%,8.45
soundcloud a mp3,1,33,3.03%,20.88
soundlocud to mp3,1,32,3.12%,9.03
soundcloud album downloader,1,32,3.12%,10.59
soundcloud download to mp3,1,32,3.12%,11.5
fake tipping screen,1,31,3.23%,8.87
soundcloud link to mp3,1,31,3.23%,10.58
download youtube mp4,1,31,3.23%,31.74
soundcloud to wv,1,30,3.33%,3.7
download soundcloud wave,1,30,3.33%,4.4
download soundcloud playlist online,1,30,3.33%,7.57
soundcloud to mpr,1,30,3.33%,8.6
tip screen website,1,28,3.57%,5.82
convertisseur soundcloud wav gratuit,1,28,3.57%,6.18
convertir soundcloud,1,28,3.57%,10.14
soundcloud 320,1,28,3.57%,24.21
soundcloud to wav converter online free,1,27,3.7%,4.96
soundcloud sound converter,1,27,3.7%,8.04
playlist soundcloud downloader,1,26,3.85%,7.04
sound cloud convertor,1,26,3.85%,7.92
soundcloud to ml3,1,26,3.85%,8.77
soundcloud mo3 converter,1,26,3.85%,11.31
soundcloud to mp3 converter download,1,26,3.85%,12.27
soundcloud downloader wav high quality,1,25,4%,6.64
download soundcloud sets,1,24,4.17%,8.25
music websites unblocked,1,24,4.17%,29.62
baixar musica do soundcloud wav,1,23,4.35%,5.7
online soundcloud converter,1,23,4.35%,9.04
youtube保存 1080,1,23,4.35%,10.57
soundcloud to mp3 converter online,1,23,4.35%,13.22
proxy unblock,1,23,4.35%,66.3
ユーチューブ mp4,1,22,4.55%,8.73
soundcloud dl wav,1,21,4.76%,7.24
proxy site unblocked,1,21,4.76%,49.67
music apps unblocked,1,21,4.76%,59.62
사운드클라우드 wav 추출,1,20,5%,3.6
souncloud playlist download,1,20,5%,6.85
download soundcloud playlist mp3,1,20,5%,7.9
soundclloud to mp3,1,20,5%,8.6
mp3 converter from soundcloud,1,20,5%,13.25
soundcloud to wav converter online,1,19,5.26%,6.05
soundlcoud converter,1,19,5.26%,8
soundcloud playlists downloader,1,19,5.26%,8.05
sc playlist downloader,1,18,5.56%,5.17
wav from soundcloud,1,18,5.56%,5.83
soundcloud to mp3 320kb,1,18,5.56%,8.17
download soundcloud to mp3 file,1,18,5.56%,10.11
soundcloud to mp3 download converter,1,18,5.56%,11.06
convertidor soundcloud a mp3,1,18,5.56%,18.33
perm processing time tracker,1,18,5.56%,38.28
soundcloud to playlist,1,17,5.88%,4.65
soundcloud. to mp3,1,17,5.88%,8.24
soundcloud to mp3 hq,1,17,5.88%,8.76
ユーチューブ ダウンロード mp4,1,17,5.88%,10
soundcloud url to mp3,1,17,5.88%,10.53
soundcloud 320 mp3,1,17,5.88%,17.35
youtube フルhd ダウンロード,1,16,6.25%,6.12
soundlcoud playlist downloader,1,16,6.25%,6.38
descargar lista soundcloud,1,16,6.25%,7.44
soundcloud mp3 comverter,1,16,6.25%,9.31
soundcloud music mp3 converter,1,16,6.25%,9.5
soundcloud link mp3 converter,1,16,6.25%,9.69
youtubeダウンロード 1080p 安全,1,16,6.25%,12.69
soundcloud convertidor mp3,1,16,6.25%,16
convert soundcloud to mp3 high quality,1,15,6.67%,9.6
youtube audio download,1,15,6.67%,40.8
soundcloud to wav playlist,1,14,7.14%,4.43
soundcloud playlistdownloader,1,14,7.14%,6.71
sounfcloud to mp3,1,14,7.14%,7.93
soundccloud to mp3,1,14,7.14%,8.5
sclouddownloader wav,1,14,7.14%,8.71
soundcloud downloader metadata,1,13,7.69%,5.69
dowload soundcloud playlist,1,13,7.69%,6.31
scloud playlist downloader,1,13,7.69%,7.08
soundcloud to mp3 playlist converter,1,13,7.69%,7.92
soundcloud conventer,1,13,7.69%,8.31
chivalry test​,1,13,7.69%,9.15
soundcloud to mp3 free download,1,13,7.69%,15.38
soundcloud to mp3 downloader,1,13,7.69%,22.62
youtube 保存 hd,1,12,8.33%,7.17
soundcloud to mb3,1,12,8.33%,8.92
youtubeダウンロード1080,1,12,8.33%,10.58
soundcloud download mp3 tool,1,12,8.33%,12
soundcloud free download,1,12,8.33%,18.33
discord time generator,1,12,8.33%,36
soundcloud ダウンロード wav,1,11,9.09%,5.45
soundcloud downloader playlists,1,11,9.09%,6.27
is my job worth the grind?,1,11,9.09%,7.45
soundcloud mp3 320 converter,1,11,9.09%,7.82
youtube url download,1,11,9.09%,9.27
soundcloud to mp3 player free,1,11,9.09%,9.45
tipscreen,1,11,9.09%,10.73
soundcloud download all tracks,1,11,9.09%,10.82
youtubeダウンロード 1080,1,11,9.09%,11.09
free soundcloud to mp3,1,11,9.09%,15.09
youtube download mp4,1,11,9.09%,35.36
youtube動画ダウンローダー,1,11,9.09%,55.82
ssn number generator,1,11,9.09%,60.73
soundcloud 320kbps convert,1,10,10%,9
soundcloud downloader 320 wav,1,10,10%,9.7
soundclod mp3,1,10,10%,10
convertidor de soundcloud a audio,1,10,10%,10.1
download from soundcloud mp3,1,10,10%,10.7
soundcloud to mp3 converter 320 kbps,1,10,10%,12.8
soundcloud to 320 kbps,1,10,10%,14.3
convertidor mp3 soundcloud,1,10,10%,21
youtube a mp4 hd,1,10,10%,28.6
download soundcloud songs,1,10,10%,34.2
unblock websites online,1,10,10%,65.6
youtube 高 画質 保存 1080p,1,9,11.11%,7
soudncloud playlist downloader,1,9,11.11%,7.11
soundcoud mp3,1,9,11.11%,9.11
souncloud convert,1,9,11.11%,9.56
soundcloud playlist downloaden,1,9,11.11%,10.56
ユーチューブ ダウンロード 1080p,1,9,11.11%,12.78
soundcloud a mp3 320,1,9,11.11%,14.11
4 digit generator,1,9,11.11%,17.56
youtube mp4hd,1,9,11.11%,17.67
json to table online,1,9,11.11%,35.33
proxy website unblocked,1,9,11.11%,45.11
soundcloud wav downlaoder,1,8,12.5%,5.25
soundcloud download with metadata,1,8,12.5%,5.5
bajar musica de soundcloud a wav,1,8,12.5%,6
download music from soundcloud to wav,1,8,12.5%,6.38
soundcloud to audio converter,1,8,12.5%,8.5
convertidor de souncloud,1,8,12.5%,9
soundcloud to mp3 320kbps free,1,8,12.5%,9.62
soundcloud full playlist downloader,1,8,12.5%,10.5
conversor soundcloud mp3,1,8,12.5%,13.62
soundcloud convertir mp3,1,8,12.5%,14
soundcloud converter 320kbps,1,8,12.5%,18.25
music online unblocked,1,8,12.5%,36.62
website to access blocked sites,1,8,12.5%,48.5
soundcloud rip to wav,1,7,14.29%,5
soundcloud playlsit downloader,1,7,14.29%,6.43
descargar sets soundcloud,1,7,14.29%,8
soundcloud mp3 download playlist,1,7,14.29%,8.57
youtube 音声トラック ダウンロード,1,7,14.29%,11
soundcloud to mp3 music converter,1,7,14.29%,11.14
soundcloud mp3 converter app,1,7,14.29%,11.29
soundcloud batch downloader,1,7,14.29%,13.71
ssn generator github,1,7,14.29%,20
soundcloud 320kbps download,1,7,14.29%,21.43
download soundcloud mb3,1,7,14.29%,22.86
télécharger playlist soundcloud wav,1,7,14.29%,24.71
bingo bash chips gratuit,1,7,14.29%,26.86
universal time discord,1,7,14.29%,35.57
unblocked proxy site,1,7,14.29%,71.57
soundcload to wav,1,6,16.67%,3.67
soundcloud baixar wav,1,6,16.67%,7.33
how do i convert soundcloud to mp3,1,6,16.67%,8.67
youtube 1080 保存,1,6,16.67%,8.67
youtube 動画 ダウンロード 1080p,1,6,16.67%,10.67
spundcloud mp3,1,6,16.67%,11
mp3 soundcloud convertidor,1,6,16.67%,11.67
download soundcloud to mp3 320,1,6,16.67%,11.83
オンラインyoutube動画ダウンローダー,1,6,16.67%,12.67
convertitore soundcloud mp3,1,6,16.67%,16.17
soundcloud audio download,1,6,16.67%,21.5
конвертер саундклауд,1,6,16.67%,23.5
soundcloud download online,1,6,16.67%,26
music website unblocked,1,6,16.67%,30.67
youtube 音声 ダウンロード,1,6,16.67%,32
unblocked music free,1,6,16.67%,49.83
proxy web browser unblocked,1,6,16.67%,86.33
soundcloud to mp3 playlist download,1,5,20%,5.8
sc playlist to mp3,1,5,20%,6
télécharger soundcloud wav,1,5,20%,6
download sc playlist,1,5,20%,6.8
soundcloud audio to mp3 converter,1,5,20%,7.4
soundcliud mp3,1,5,20%,8
soundcloud to mp3converter,1,5,20%,9
soundcloud mp3 320kbps download,1,5,20%,10
soundcloud to mp3 converter app,1,5,20%,14.2
youtube保存ツール,1,5,20%,20.4
unblock music website,1,5,20%,22.6
download online soundcloud,1,5,20%,24.8
soundcloud song download,1,5,20%,25
soundcloud downloader 320,1,5,20%,29
soundcloud 320 kbps,1,5,20%,31.4
sound cloud to mp3 320 kbps,1,4,25%,5.5
soundcloud .wav downloader,1,4,25%,5.75
soundclund to mp3,1,4,25%,6.75
scloud to mp3,1,4,25%,7.75
sound loud mp3,1,4,25%,8
soundcloud mp3 downloader free,1,4,25%,8.5
ユーチューブダウンロードmp4,1,4,25%,8.75
convertidor soundcloud online,1,4,25%,11.25
youtubeダウンロードアプリなし,1,4,25%,12
soundcloud downloader mp3 320,1,4,25%,12.25
youtube download,1,4,25%,12.5
soundcloud en mp3,1,4,25%,14.25
soundcloud to mp3 converter online free,1,4,25%,15
youtube download オンライン,1,4,25%,15.25
youtube download mp4 1080p,1,4,25%,16.5
descargar soundcloud convertidor mp3,1,4,25%,18.5
sound cloud download,1,4,25%,18.5
soundcloud 320 downloader,1,4,25%,23.5
youtube to mp4 1080p,1,4,25%,26.5
youtube 1080p mp4,1,4,25%,26.75
music sites not blocked,1,4,25%,27.75
date generator discord,1,4,25%,28
unblocked songs website,1,4,25%,34.75
unblocked websites for music,1,4,25%,35
song websites unblocked,1,4,25%,38.5
unblocked music online,1,4,25%,39.75
unblocked web proxies,1,4,25%,64.75
unblocker sites,1,4,25%,69.5
download souncloud wav,1,3,33.33%,3.67
soundcloud to mp3 free converter,1,3,33.33%,14.67
soubdcloud mp3,1,3,33.33%,15
youtube download url,1,3,33.33%,15
mp4 1080p download youtube,1,3,33.33%,16.33
convertisseur soundcloud playlist,1,3,33.33%,17.33
youtube download online,1,3,33.33%,19.67
ユーチューブダウンロードブラウザ,1,3,33.33%,21.67
soundcloud mp3 download convert,1,3,33.33%,22.67
unblcked music,1,3,33.33%,23.33
de youtube a mp4 hd,1,3,33.33%,24.67
youtube download hd,1,3,33.33%,26.67
無料ユーチューブダウンローダー,1,3,33.33%,29
not blocked music,1,3,33.33%,30
music streaming unblocked,1,3,33.33%,30.33
unblocked website for music,1,3,33.33%,35.33
無料youtubeビデオダウンローダー,1,3,33.33%,44
youtube audio grabber online,1,3,33.33%,61.33
unblocked music mp3,1,3,33.33%,69
music apps not blocked,1,3,33.33%,69.33
youtube ダウンロード 無料,1,3,33.33%,72
proxy unblocked free,1,3,33.33%,73.33
website unblockers,1,3,33.33%,86
how to download soundcloud playlist to mp3,1,2,50%,1
spundcloud to wav,1,2,50%,2
soundcloud to wav lossless,1,2,50%,3.5
youtube ダウンロード ブラウザ 無料,1,2,50%,5
youtube download 480p,1,2,50%,6
free youtube video online download,1,2,50%,7
soundcloud tools.com,1,2,50%,7
soundloud playlist downloader,1,2,50%,7
soundcloud download musik,1,2,50%,8.5
soundlcoud to mp3 converter,1,2,50%,9.5
dowload soundcloud to mp3,1,2,50%,10.5
mp4 1080p download,1,2,50%,10.5
soundcloud link to audio,1,2,50%,14.5
descargar lista de soundcloud,1,2,50%,17
download soundcloud 320 kbps,1,2,50%,17
download soundcloud 320kb,1,2,50%,18
soundcloud download 320kps,1,2,50%,19
ユーチューブ ダウンローダー,1,2,50%,20
youtube mp4 変換フリーソフト インストール不要,1,2,50%,20.5
descargar mp4 1080p,1,2,50%,23
soundcloud convertisseur 320 kbps,1,2,50%,23
make1m.com luxury,1,2,50%,28
best soundcloud downloader,1,2,50%,29
soundcloud link download,1,2,50%,30.5
soundcloudtool.com,1,2,50%,35
soundcloud song downloader,1,2,50%,37.5
youtube mp4ダウンローダー,1,2,50%,38.5
youtubeダウンロード ブラウザ 無料,1,2,50%,45
youtubeダウンローダー web,1,2,50%,48.5
youtube mp4 無料,1,2,50%,49
youtube無料ダウンローダ,1,2,50%,62
youtube 動画ダウンローダー,1,2,50%,63.5
無料 オンラインyoutubeダウンロード,1,2,50%,64.5
youtubeビデオダウンローダー,1,2,50%,66.5
youtube audio downloader free,1,2,50%,68.5
download youtube audio from link,1,2,50%,71
youtube動画ダウンロードmp4,1,2,50%,80.5
youtubeダウンロード mp4,1,2,50%,86
youtube mp4 サイト,1,2,50%,89.5
download video mp4 youtube,1,2,50%,97
youtube mp4 converter downloader,1,2,50%,112.5
video downloader,1,2,50%,136
can you give me more websites,1,1,100%,1
youtube dl online,1,1,100%,1
download youtube url,1,1,100%,2
soundcloud audio song download,1,1,100%,2
what free website,1,1,100%,4
youtube video online downloader,1,1,100%,4
video download youtube online,1,1,100%,5
youtube 1080p 保存アプリ,1,1,100%,5
loader to soundcloud,1,1,100%,6
soundcloump3,1,1,100%,6
wav downloader free,1,1,100%,6
youtube mp4 downloader 1080p,1,1,100%,6
youtube 年齢制限 ダウンロード,1,1,100%,6
soundcloud metadata downloader,1,1,100%,7
youtube download by url,1,1,100%,7
youtube online downloader,1,1,100%,7
download soundcould mp3,1,1,100%,8
youtube ダウンロード 無料 おすすめ,1,1,100%,9
vin コード 検索 無料,1,1,100%,13
download mp4 1080p,1,1,100%,14
convertisseur playlist soundcloud,1,1,100%,15
soundcloud-konverter,1,1,100%,16
彩色打印机测试页,1,1,100%,16
download music soundcloud mp3,1,1,100%,17
soundcloud downloader track,1,1,100%,18
soundcloud music download 320kbps,1,1,100%,18
youtube オンラインダウンローダー,1,1,100%,19
印刷テストページ,1,1,100%,20
soundcloud download online 320,1,1,100%,21
mp4 変換 youtube,1,1,100%,22
саундклауд конвертер,1,1,100%,23
télécharger video short youtube,1,1,100%,24
decodervin,1,1,100%,25
décodeur vin gratuit,1,1,100%,26
descargar youtube mp4 hd,1,1,100%,27
youtube to mp3,1,1,100%,27
ユーチューブダウンローダー無料,1,1,100%,27
youtube audio dl,1,1,100%,28
de youtube a mp4 seguro,1,1,100%,29
320 soundcloud download,1,1,100%,30
convert soundcloud link to mp3 file,1,1,100%,30
soundcloud download mp3 file,1,1,100%,30
youtube online downloader 1080p,1,1,100%,30
youtubeオンラインダウンローダー,1,1,100%,30
download short mp4,1,1,100%,32
youtube to mp4 240p,1,1,100%,32
soundclous download,1,1,100%,33
無料youtubeオンラインダウンローダー,1,1,100%,33
random ssn 9 digit,1,1,100%,34
youtube mp4 ダウンロード ブラウザ,1,1,100%,35
youtube url download mp4,1,1,100%,36
youtube video download link copy paste online free,1,1,100%,37
1080p youtube downloader,1,1,100%,38
youtubeダウンロード 無料 ブラウザ,1,1,100%,38
youtube音声保存,1,1,100%,40
save from audio,1,1,100%,41
youtube download ブラウザ,1,1,100%,43
soundcloud.aud,1,1,100%,45
unblocked websites to listen to music,1,1,100%,45
baixar musicas do soundcloud,1,1,100%,49
youtube 動画 保存 サイト,1,1,100%,49
無料オンラインダウンローダー,1,1,100%,51
オンラインyoutubeビデオダウンローダー,1,1,100%,54
youtube video downloader tool,1,1,100%,55
you tube mp4 download,1,1,100%,56
youtube download mp3,1,1,100%,58
youtube shorts download no watermark,1,1,100%,66
ユーチューブビデオダウンローダー,1,1,100%,66
youtube mp3 オンライン,1,1,100%,88
proxy for opening blocked sites,1,1,100%,96
ユーチューブ 無料ダウンローダー,1,1,100%,98
youtube shorts online downloader,1,1,100%,99
ユーチューブオンラインダウンロード,1,1,100%,101
youtube ダウンロードサイト,1,1,100%,118
online youtube video downloader,1,1,100%,123
youtubeダウンロード無料,1,1,100%,133
youtube downloader web,1,1,100%,174
www. myfavouriteplaces.org/,0,8531,0%,7.33
www.myfavouriteplaces.org,0,8455,0%,7.38
//myfavouriteplaces.org,0,7631,0%,7.16
// @myfavouriteplaces.org,0,6571,0%,7.46
#myfavouriteplaces.org,0,6051,0%,7.63
myfavouriteplaces.org,0,5460,0%,7.94
@myfavouriteplaces.org,0,5023,0%,8.04
// myfavouriteplaces.org,0,4475,0%,6.95
# myfavouriteplaces.org,0,4052,0%,7.04
// @ myfavouriteplaces.org,0,3976,0%,7.45
myfavouriteplaces.org:// blog,0,3530,0%,4.48
myfavouriteplaces.org tips,0,3466,0%,7.11
tip screen,0,2643,0%,7.67
myfavouriteplaces.org blog,0,2616,0%,4.45
@myfavouriteplaces.org blog,0,2600,0%,4.46
@ myfavouriteplaces.org,0,2472,0%,7.81
time zone converter discord,0,2351,0%,9.19
myfavouriteplaces.org/,0,1596,0%,5.99
www. myfavouriteplaces.org#,0,1060,0%,5.92
www.myfavouriteplaces.org#,0,1023,0%,5.92
cm til tommer,0,650,0%,10.56
jujutsu shenanigans codes,0,540,0%,14.71
best ehs software,0,365,0%,54.51
discord timestamp,0,319,0%,47.57
discord timestamp generator,0,287,0%,42.18
myfavouriteplaces.org hacks,0,269,0%,9.41
discord time converter,0,268,0%,28.48
скачать музыку из саундклауд wav,0,245,0%,6.86
add a tip screen,0,228,0%,8.1
download soundcloud mp3 wav,0,226,0%,9.03
sound cloud converter,0,215,0%,8
timestamp discord,0,203,0%,49.13
123moviesforfree,0,202,0%,9.1
random number generator 4 digit,0,166,0%,7.71
discord timestamps,0,164,0%,48.25
ehs software companies,0,158,0%,63.9
descargar audio de soundcloud wav,0,147,0%,8.01
invincible title card generator,0,142,0%,15.51
random vin number,0,139,0%,8.42
soundclod to mp3,0,137,0%,8.48
best ehs management software,0,127,0%,56.39
soudncloud to mp3,0,125,0%,8.01
site:geekskai.com,0,122,0%,16.33
discord time stamp,0,122,0%,49.25
discord timezone converter,0,120,0%,17.32
discord time,0,117,0%,42.21
bpm to ms,0,116,0%,24.02
convert soundcloud,0,113,0%,8.16
free music online unblocked,0,110,0%,40.81
soundcoud to mp3,0,105,0%,8.56
soundcloud to mps,0,105,0%,9.01
json to table,0,103,0%,46.88
soundclpud to mp3,0,100,0%,8.82
pephop ai,0,100,0%,42.5
discord timestamp converter,0,98,0%,20.52
react editable grid,0,98,0%,58.84
best ehs software for construction in 2026,0,97,0%,12.68
err_ssl_protocol_error,0,97,0%,74.21
soundcloud conver,0,95,0%,8.23
react editable table,0,95,0%,29.24
listen to unblocked music,0,91,0%,40.62
dow soundcloud wav,0,90,0%,5.74
soundcliud to mp3,0,90,0%,8.54
heic to pdf converter,0,87,0%,63.29
discord times,0,84,0%,44.27
top 10 ehs software,0,83,0%,46.58
timestamp discord generator,0,82,0%,50.71
カラー印刷テストページ pdf,0,80,0%,33.46
unblock websites proxy,0,80,0%,49.02
скачать с саундклауда в вав,0,77,0%,7.58
content cz mobilesoft appblock fileprovider cache blank html,0,77,0%,14.25
soundcloud download wav * * *,0,76,0%,3.62
soundcloud download wav *,0,75,0%,2.05
soundcloud mp3 link converter,0,74,0%,9.81
soundcloud download wav * *,0,73,0%,3.37
soundcloudconverter,0,72,0%,8.38
heic to pdf converter free,0,72,0%,55.72
soundcloud downloader tool,0,71,0%,4.63