Country,9/23/26 - 10/6/26 Clicks,9/9/26 - 9/22/26 Clicks,9/23/26 - 10/6/26 Impressions,9/9/26 - 9/22/26 Impressions,9/23/26 - 10/6/26 CTR,9/9/26 - 9/22/26 CTR,9/23/26 - 10/6/26 Position,9/9/26 - 9/22/26 Position
United Kingdom,116,219,482,808,24.07%,27.1%,2.54,2.26
United States,33,643,268,2486,12.31%,25.86%,11.62,2.85
Germany,23,64,118,262,19.49%,24.43%,5.05,2.86
Austria,9,8,15,37,60%,21.62%,2.73,2.38
Netherlands,8,40,32,154,25%,25.97%,4.03,2.53
France,6,28,24,193,25%,14.51%,3.79,3.06
Spain,4,19,13,83,30.77%,22.89%,11.08,3.71
Ireland,3,8,4,45,75%,17.78%,1,2.98
Brazil,2,10,42,40,4.76%,25%,7.83,4.53
India,2,18,10,79,20%,22.78%,8.5,2.84
Belgium,2,16,7,51,28.57%,31.37%,2.57,2.14
Pakistan,2,2,5,15,40%,13.33%,4.2,8
Hungary,2,4,5,9,40%,44.44%,5.8,5.33
New Zealand,2,6,3,19,66.67%,31.58%,3,3.05
Australia,1,7,27,25,3.7%,28%,7.7,7.44
Canada,1,54,16,203,6.25%,26.6%,9.19,2.57
South Africa,1,6,9,20,11.11%,30%,5.56,3.5
Philippines,1,3,9,26,11.11%,11.54%,8,5.96
Switzerland,1,10,6,33,16.67%,30.3%,2.67,2.94
Puerto Rico,1,2,4,8,25%,25%,2.5,1.88
Indonesia,1,7,4,64,25%,10.94%,5.25,5.91
Poland,1,3,4,16,25%,18.75%,5.5,2.94
Israel,1,2,4,25,25%,8%,6.5,5.84
Peru,1,0,3,3,33.33%,0%,6,5
Egypt,1,9,2,16,50%,56.25%,1,2
Jamaica,1,0,2,1,50%,0%,4.5,2
Norway,1,5,2,18,50%,27.78%,5,3.89
Bulgaria,1,3,2,13,50%,23.08%,12,3.85
Thailand,1,3,2,21,50%,14.29%,24,3.05
Armenia,1,0,1,2,100%,0%,1,11
Sweden,1,14,1,53,100%,26.42%,1,2.47
Malta,1,0,1,3,100%,0%,2,2
Taiwan,1,0,1,5,100%,0%,3,2.8
Japan,0,1,21,12,0%,8.33%,22.24,4
Ukraine,0,1,7,1,0%,100%,10,1
Iran,0,0,7,2,0%,0%,11.86,2
Morocco,0,3,6,25,0%,12%,2.83,3.2
Colombia,0,2,6,21,0%,9.52%,7,5.81
Singapore,0,3,6,11,0%,27.27%,7.5,2.82
Mexico,0,7,5,45,0%,15.56%,8,3.33
Russia,0,2,4,8,0%,25%,1,24.88
Algeria,0,0,4,3,0%,0%,7,3.33
South Korea,0,1,4,5,0%,20%,7,2.4
Lithuania,0,2,4,3,0%,66.67%,8.5,1.33
Vietnam,0,1,4,9,0%,11.11%,27.75,4.11
Tunisia,0,1,3,6,0%,16.67%,2.67,2.67
Italy,0,9,3,50,0%,18%,6.33,3.74
Argentina,0,2,3,22,0%,9.09%,6.67,3.59
Brunei,0,1,3,1,0%,100%,7.33,2
Costa Rica,0,3,3,8,0%,37.5%,7.33,5
United Arab Emirates,0,3,3,15,0%,20%,8,6.07
Bangladesh,0,0,3,0,0%,0%,19.33,0
Turkey,0,7,2,31,0%,22.58%,2,3.52
Kyrgyzstan,0,0,2,4,0%,0%,3.5,1.75
Sri Lanka,0,4,2,21,0%,19.05%,3.5,2.48
Cayman Islands,0,0,2,0,0%,0%,4,0
Nigeria,0,1,2,3,0%,33.33%,5,2.67
Serbia,0,3,2,9,0%,33.33%,5.5,2.78
Portugal,0,3,2,14,0%,21.43%,8,3.14
Denmark,0,3,2,18,0%,16.67%,15.5,2.61
China,0,2,1,8,0%,25%,1,1.38
Gambia,0,0,1,0,0%,0%,1,0
Malaysia,0,4,1,16,0%,25%,1,2.81
Uruguay,0,0,1,1,0%,0%,1,8
Azerbaijan,0,0,1,3,0%,0%,2,6
Cambodia,0,0,1,3,0%,0%,2,1.33
Nepal,0,1,1,8,0%,12.5%,3,3.75
Kuwait,0,1,1,4,0%,25%,5,8.75
Panama,0,1,1,4,0%,25%,6,2.5
Angola,0,0,1,0,0%,0%,10,0
Estonia,0,1,1,2,0%,50%,11,1.5
Myanmar (Burma),0,3,1,15,0%,20%,11,3.93
Chile,0,5,1,20,0%,25%,21,3.55
Iceland,0,1,1,2,0%,50%,24,2
Kenya,0,0,1,1,0%,0%,49,10
Croatia,0,9,0,16,0%,56.25%,0,1.44
Lebanon,0,3,0,11,0%,27.27%,0,3.91
Czechia,0,3,0,10,0%,30%,0,3.6
Hong Kong,0,3,0,8,0%,37.5%,0,2.12
Bolivia,0,3,0,6,0%,50%,0,1.67
Dominican Republic,0,3,0,6,0%,50%,0,2.83
Georgia,0,3,0,5,0%,60%,0,1.6
Greece,0,2,0,17,0%,11.76%,0,3
Finland,0,2,0,8,0%,25%,0,2.62
Slovenia,0,2,0,7,0%,28.57%,0,1.86
Guatemala,0,2,0,2,0%,100%,0,1.5
Cyprus,0,1,0,8,0%,12.5%,0,2.88
Latvia,0,1,0,4,0%,25%,0,1.5
Mauritius,0,1,0,3,0%,33.33%,0,3
Gibraltar,0,1,0,2,0%,50%,0,2
Nicaragua,0,1,0,2,0%,50%,0,3.5
Kazakhstan,0,1,0,1,0%,100%,0,1
Libya,0,1,0,1,0%,100%,0,1
Luxembourg,0,1,0,1,0%,100%,0,1
Laos,0,1,0,1,0%,100%,0,2
Mozambique,0,1,0,1,0%,100%,0,2
Romania,0,0,0,10,0%,0%,0,3
Slovakia,0,0,0,8,0%,0%,0,3.38
Saudi Arabia,0,0,0,4,0%,0%,0,2
Aruba,0,0,0,2,0%,0%,0,2
Ecuador,0,0,0,2,0%,0%,0,2
Trinidad & Tobago,0,0,0,2,0%,0%,0,2
Ghana,0,0,0,2,0%,0%,0,2.5
Namibia,0,0,0,2,0%,0%,0,2.5
Montenegro,0,0,0,2,0%,0%,0,3.5
Bosnia & Herzegovina,0,0,0,2,0%,0%,0,4.5
Belarus,0,0,0,2,0%,0%,0,5
Kosovo,0,0,0,2,0%,0%,0,6.5
Lesotho,0,0,0,2,0%,0%,0,8.5
Micronesia,0,0,0,1,0%,0%,0,1
Guyana,0,0,0,1,0%,0%,0,1
Bahamas,0,0,0,1,0%,0%,0,2
Côte d’Ivoire,0,0,0,1,0%,0%,0,2
Isle of Man,0,0,0,1,0%,0%,0,2
Jersey,0,0,0,1,0%,0%,0,2
Maldives,0,0,0,1,0%,0%,0,2
Senegal,0,0,0,1,0%,0%,0,2
Venezuela,0,0,0,1,0%,0%,0,2
Barbados,0,0,0,1,0%,0%,0,3
Rwanda,0,0,0,1,0%,0%,0,3
Zambia,0,0,0,1,0%,0%,0,3
Palau,0,0,0,1,0%,0%,0,5
Syria,0,0,0,1,0%,0%,0,5
Faroe Islands,0,0,0,1,0%,0%,0,6
Paraguay,0,0,0,1,0%,0%,0,6
Martinique,0,0,0,1,0%,0%,0,8