Top pages,9/23/26 - 10/6/26 Clicks,9/9/26 - 9/22/26 Clicks,9/23/26 - 10/6/26 Impressions,9/9/26 - 9/22/26 Impressions,9/23/26 - 10/6/26 CTR,9/9/26 - 9/22/26 CTR,9/23/26 - 10/6/26 Position,9/9/26 - 9/22/26 Position
https://geekskai.com/tools/soundcloud-to-wav/,122,1212,550,4750,22.18%,25.52%,3.23,2.42
https://geekskai.com/tools/soundcloud-playlist-downloader/,76,78,430,548,17.67%,14.23%,5.28,5.79
https://geekskai.com/,20,35,67,85,29.85%,41.18%,3.45,2.41
https://geekskai.com/tools/soundcloud-to-mp3/,12,5,34,35,35.29%,14.29%,1.53,3.74
https://geekskai.com/fr/,2,2,11,9,18.18%,22.22%,4.82,2.11
https://geekskai.com/tools/,1,3,28,28,3.57%,10.71%,3.21,3.86
https://geekskai.com/tools/soundcloud-downloader/,1,4,16,18,6.25%,22.22%,4.19,2.22
https://geekskai.com/es/,1,0,13,7,7.69%,0%,1.69,1.57
https://geekskai.com/tools/random-4-digit-number-generator/,0,0,60,25,0%,0%,10.38,10.36
https://geekskai.com/tools/print-test-page/,0,0,31,0,0%,0%,23.77,0
https://geekskai.com/pricing/,0,0,29,19,0%,0%,3.83,3.21
https://geekskai.com/projects/,0,1,29,32,0%,3.12%,4.17,2.94
https://geekskai.com/terms/,0,0,24,31,0%,0%,2.67,3.61
https://geekskai.com/tools/tip-screen-generator/,0,0,20,24,0%,0%,8.1,7.79
https://geekskai.com/privacy/,0,0,19,19,0%,0%,3.79,3.89
https://geekskai.com/about/,0,0,18,14,0%,0%,8.22,3.93
https://geekskai.com/tags/,0,0,14,5,0%,0%,3.07,3.8
https://geekskai.com/ja/tools/youtube-audio-downloader/,0,0,13,0,0%,0%,13.15,0
https://geekskai.com/ko/,0,0,12,6,0%,0%,5.25,5.5
https://geekskai.com/ja/,0,0,12,7,0%,0%,6.25,13.57
https://geekskai.com/da/,0,0,12,6,0%,0%,8.25,8.33
https://geekskai.com/da/about/,0,0,11,15,0%,0%,3,5.2
https://geekskai.com/no/,0,0,10,4,0%,0%,3.8,4
https://geekskai.com/no/about/,0,0,9,13,0%,0%,4.33,1.54
https://geekskai.com/blog/tools/random-vin-generator-by-year-and-brand/,0,0,9,3,0%,0%,9.11,2.67
https://geekskai.com/tools/youtube-video-downloader/,0,0,9,4,0%,0%,10.67,15.75
https://geekskai.com/tools/invincible-title-card-generator/,0,0,9,2,0%,0%,24.22,24
https://geekskai.com/blog/js/js-express-tracking-ultimate-guide-for-package-monitoring/,0,0,8,2,0%,0%,12.75,45
https://geekskai.com/tools/youtube-audio-downloader/,0,0,8,1,0%,0%,23.62,2
https://geekskai.com/blog/myfavouriteplaces-org-blog/,0,0,7,1,0%,0%,8.14,1
https://geekskai.com/blog/guide/top-10-sites-like-123movies-for-free-online-movie-streaming/,0,0,6,1,0%,0%,46.33,9
https://geekskai.com/blog/,0,0,5,7,0%,0%,7.4,7.14
https://geekskai.com/de/,0,0,5,7,0%,0%,7.6,2.86
https://geekskai.com/ja/tools/print-test-page/,0,0,5,0,0%,0%,45.4,0
https://geekskai.com/es/projects/,0,0,4,0,0%,0%,8.75,0
https://geekskai.com/audio-toolkit/,0,0,4,2,0%,0%,11.75,4
https://geekskai.com/tools/chivalry-test/,0,0,4,0,0%,0%,18.75,0
https://geekskai.com/blog/software/best-ehs-software-in-2026/,0,0,3,1,0%,0%,7.67,2
https://geekskai.com/tools/discord-timestamp-generator/,0,0,3,0,0%,0%,19.33,0
https://geekskai.com/tags/testing-tools/,0,0,3,0,0%,0%,20.67,0
https://geekskai.com/tags/http/,0,0,3,2,0%,0%,29.67,28
https://geekskai.com/blog/guide/best-unblocked-websites-proxy-access-restricted-sites/,0,0,3,1,0%,0%,54,99
https://geekskai.com/tags/crypto/,0,0,2,0,0%,0%,1,0
https://geekskai.com/blog/crypto-engine-pro-blog-review/,0,0,2,0,0%,0%,2.5,0
https://geekskai.com/blog/react/react-swr-vite-guide/,0,0,2,0,0%,0%,3.5,0
https://geekskai.com/blog/ultimate-crypto-security-features-on-ecrypto1com/,0,0,2,1,0%,0%,4,3
https://geekskai.com/tools/soundcloud/,0,0,2,3,0%,0%,4,2.33
https://geekskai.com/blog/guide/explore-the-newznavcom-crypto-archives-page/,0,0,2,1,0%,0%,5,9
https://geekskai.com/tools/convert-inches-to-decimal/,0,0,2,1,0%,0%,5,8
https://geekskai.com/blog/ai/how-ai-is-helping-developers-build-more-global-applications/,0,0,2,0,0%,0%,5.5,0
https://geekskai.com/tags/business/,0,0,2,8,0%,0%,10.5,4
https://geekskai.com/es/tools/,0,0,2,2,0%,0%,14,29.5
https://geekskai.com/da/tools/,0,0,2,1,0%,0%,16,8
https://geekskai.com/tags/ehs/,0,0,2,2,0%,0%,16,22.5
https://geekskai.com/tools/vin-decoder/mercedes/,0,0,2,0,0%,0%,16,0
https://geekskai.com/de/tools/,0,0,2,4,0%,0%,18,6.25
https://geekskai.com/es/tools/soundcloud-to-mp3/,0,0,2,0,0%,0%,19,0
https://geekskai.com/de/tools/soundcloud/,0,1,2,3,0%,33.33%,22.5,5
https://geekskai.com/blog/js/check-for-at-least-one-capital-letter-in-js/,0,0,2,1,0%,0%,23,10
https://geekskai.com/de/tools/soundcloud-to-mp3/,0,0,2,3,0%,0%,26,8.33
https://geekskai.com/blog/typescript/rename-field-keep-jsdoc-typescript/,0,0,2,2,0%,0%,48.5,49.5
https://geekskai.com/blog/react/utilizing-navlink-for-state-passing-in-react-router/,0,0,2,0,0%,0%,63,0
https://geekskai.com/blog/ai/ai-song-generator-for-vlog-bgm/,0,0,1,3,0%,0%,1,62
https://geekskai.com/blog/ai/best-ai-face-swap-video-tools-of-2026/,0,0,1,0,0%,0%,1,0
https://geekskai.com/es/tools/soundcloud-playlist-downloader/,0,1,1,3,0%,33.33%,4,8.67
https://geekskai.com/blog/ai/ai-song-generator-for-digital-media/,0,0,1,0,0%,0%,6,0
https://geekskai.com/de/tools/random-vin-generator/,0,0,1,2,0%,0%,6,1
https://geekskai.com/tools/pdf-to-markdown/,0,0,1,0,0%,0%,6,0
https://geekskai.com/fr/projects/,0,0,1,0,0%,0%,7,0
https://geekskai.com/tags/video-editing/,0,0,1,0,0%,0%,7,0
https://geekskai.com/tools/random-ssn-generator/,0,0,1,0,0%,0%,7,0
https://geekskai.com/es/tools/soundcloud-to-wav/,0,0,1,0,0%,0%,8,0
https://geekskai.com/tools/json-to-table/,0,0,1,0,0%,0%,8,0
https://geekskai.com/tools/soundcloud-artwork-downloader/,0,0,1,3,0%,0%,8,9.33
https://geekskai.com/blog/audio/how-to-normalize-audio-loudness-lufs/,0,0,1,0,0%,0%,9,0
https://geekskai.com/blog/js/how-to-remove-milliseconds-from-timestamp-in-js/,0,0,1,2,0%,0%,9,21.5
https://geekskai.com/no/tools/,0,0,1,0,0%,0%,19,0
https://geekskai.com/ja/tools/,0,0,1,1,0%,0%,21,7
https://geekskai.com/tags/javascript/,0,0,1,0,0%,0%,23,0
https://geekskai.com/ko/tools/,0,0,1,1,0%,0%,24,10
https://geekskai.com/tags/ai/,0,0,1,1,0%,0%,26,1
https://geekskai.com/fr/tools/,0,0,1,0,0%,0%,28,0
https://geekskai.com/tags/usb/,0,0,1,0,0%,0%,30,0
https://geekskai.com/tags/wisdom/,0,0,1,0,0%,0%,32,0
https://geekskai.com/blog/page/2/,0,0,1,0,0%,0%,36,0
https://geekskai.com/tools/vin-decoder/,0,0,1,0,0%,0%,37,0
https://geekskai.com/tags/automotive-software/,0,0,1,2,0%,0%,39,9
https://geekskai.com/tags/vin-validation/,0,0,1,0,0%,0%,40,0
https://geekskai.com/tags/png-optimization/,0,0,1,0,0%,0%,42,0
https://geekskai.com/tags/ui-components/,0,0,1,1,0%,0%,43,50
https://geekskai.com/tags/mobile-shopping/,0,0,1,0,0%,0%,44,0
https://geekskai.com/es/tools/vin-decoder/,0,0,1,2,0%,0%,46,9
https://geekskai.com/de/tools/vin-decoder/,0,0,1,0,0%,0%,47,0
https://geekskai.com/es/tools/soundcloud-downloader/,0,0,1,0,0%,0%,49,0
https://geekskai.com/tools/cm-to-tommer-converter/,0,0,1,1,0%,0%,52,52
https://geekskai.com/ja/tools/youtube-video-downloader/,0,1,1,2,0%,50%,60,5.5
https://geekskai.com/es/tools/random-ssn-generator/,0,0,1,0,0%,0%,75,0
https://geekskai.com/tools/perm-processing-time-tracker/,0,0,0,3,0%,0%,0,4.33
https://geekskai.com/blog/css/practices-for-using-css-first-child/,0,0,0,3,0%,0%,0,4.67
https://geekskai.com/blog/react/react-editable-tables/,0,0,0,3,0%,0%,0,64.33
https://geekskai.com/blog/ai/understanding-mtp-media-transfer-protocol-basics/,0,0,0,2,0%,0%,0,1
https://geekskai.com/blog/vue/how-to-override-css-style-in-primevue/,0,0,0,2,0%,0%,0,3.5
https://geekskai.com/es/about/,0,0,0,2,0%,0%,0,5
https://geekskai.com/blog/windows/software-for-file-recovery-myrecover/,0,0,0,1,0%,0%,0,1
https://geekskai.com/tags/media-transfer-protocol/,0,0,0,1,0%,0%,0,1
https://geekskai.com/tools/random-vin-generator/,0,0,0,1,0%,0%,0,1
https://geekskai.com/blog/android/content-cz-mobilesoft-appblock-fileprovider-cache-blank-html/,0,0,0,1,0%,0%,0,2
https://geekskai.com/blog/guide/mastering-pephop-ai-essential-features-you-need/,0,0,0,1,0%,0%,0,2
https://geekskai.com/tags/audio/,0,0,0,1,0%,0%,0,2
https://geekskai.com/ko/tools/pund-til-nok-kalkulator/,0,0,0,1,0%,0%,0,3
https://geekskai.com/blog/guide/free-chatgdp-unleashing-its-power/,0,0,0,1,0%,0%,0,4
https://geekskai.com/no/tools/pund-til-nok-kalkulator/,0,0,0,1,0%,0%,0,4
https://geekskai.com/tags/legal-tech/,0,0,0,1,0%,0%,0,4
https://geekskai.com/tools/job-worth-calculator/,0,0,0,1,0%,0%,0,4
https://geekskai.com/ar/tools/convert-inches-to-decimal/,0,0,0,1,0%,0%,0,5
https://geekskai.com/blog/guide/xnxubd-vpn-browser-apk-ultimate-guide-for-android-users/,0,0,0,1,0%,0%,0,5
https://geekskai.com/blog/css/how-to-change-css-of-primevue/,0,0,0,1,0%,0%,0,6
https://geekskai.com/tags/ai-in-law/,0,0,0,1,0%,0%,0,6
https://geekskai.com/tools/bpm-ms-converter/,0,0,0,1,0%,0%,0,6
https://geekskai.com/no/tools/snow-day-calculator/,0,0,0,1,0%,0%,0,9
https://geekskai.com/tools/cm-til-tommer/,0,0,0,1,0%,0%,0,9
https://geekskai.com/tools/chromakopia-name-generator/,0,0,0,1,0%,0%,0,10
https://geekskai.com/no/tools/bandcamp-downloader/,0,0,0,1,0%,0%,0,42
https://geekskai.com/tools/morse-code-translator/,0,0,0,1,0%,0%,0,45