Date,Not indexed,Indexed,Impressions
2026-07-11,,,12505
2026-07-12,,,9588
2026-07-13,,,11919
2026-07-14,,,10607
2026-07-15,,,10298
2026-07-16,,,9893
2026-07-17,,,10261
2026-07-18,,,11008
2026-07-19,,,11931
2026-07-20,,,13410
2026-07-21,,,12350
2026-07-22,,,13391
2026-07-23,,,13080
2026-07-24,947,616,13100
2026-07-25,912,623,12386
2026-07-26,912,623,12735
2026-07-27,912,623,14731
2026-07-28,912,623,14572
2026-07-29,912,623,15002
2026-07-30,912,623,13053
2026-07-31,912,623,12004
2026-08-01,912,623,12502
2026-08-02,912,623,14237
2026-08-03,912,623,16823
2026-08-04,912,623,17082
2026-08-05,912,623,18799
2026-08-06,936,602,18171
2026-08-07,936,602,18114
2026-08-08,938,591,20235
2026-08-09,938,591,12931
2026-08-10,938,591,13481
2026-08-11,929,585,13685
2026-08-12,929,585,12843
2026-08-13,929,585,12843
2026-08-14,929,585,12672
2026-08-15,906,578,15291
2026-08-16,906,578,13209
2026-08-17,906,578,11160
2026-08-18,897,574,617
2026-08-19,897,574,694
2026-08-20,897,574,713
2026-08-21,897,574,739
2026-08-22,929,524,695
2026-08-23,929,524,576
2026-08-24,929,524,582
2026-08-25,929,524,566
2026-08-26,929,524,636
2026-08-27,929,524,595
2026-08-28,929,524,700
2026-08-29,937,493,575
2026-08-30,937,493,449
2026-08-31,937,493,454
2026-09-01,937,493,408
2026-09-02,937,493,445
2026-09-03,937,493,475
2026-09-04,937,493,655
2026-09-05,921,479,581
2026-09-06,921,479,558
2026-09-07,921,479,483
2026-09-08,921,479,508
2026-09-09,921,479,509
2026-09-10,921,479,485
2026-09-11,921,479,533
2026-09-12,921,479,474
2026-09-13,921,479,350
2026-09-14,921,479,390
2026-09-15,919,471,412
2026-09-16,919,471,478
2026-09-17,919,471,473
2026-09-18,919,471,449
2026-09-19,920,464,250
2026-09-20,920,464,206
2026-09-21,920,464,239
2026-09-22,975,376,201
2026-09-23,975,376,63
2026-09-24,975,376,73
2026-09-25,975,376,119
2026-09-26,975,376,99
2026-09-27,975,376,131
2026-09-28,975,376,93
2026-09-29,975,376,128
2026-09-30,975,376,118
2026-10-01,975,376,69
2026-10-02,975,376,86
2026-10-03,975,376,74
2026-10-04,975,376,49