Top queries,Last 28 days Clicks,Previous 28 days Clicks,Last 28 days Impressions,Previous 28 days Impressions,Last 28 days CTR,Previous 28 days CTR,Last 28 days Position,Previous 28 days Position
soundcloud to wav converter,664,1954,2685,4951,24.73%,39.47%,2.31,1.71
soundcloud to wav,429,2092,1576,6348,27.22%,32.96%,2.46,1.94
soundcloud to wav downloader,85,150,293,593,29.01%,25.3%,2.22,3.26
soundcloud playlist downloader wav free,37,105,141,268,26.24%,39.18%,2.98,2.34
geekskai,36,54,46,73,78.26%,73.97%,1,1
download soundcloud song wav,30,104,170,272,17.65%,38.24%,2.55,1.8
soundcloud playlist download wav,24,117,101,291,23.76%,40.21%,2.95,1.85
soundcloud playlist to wav,17,111,51,242,33.33%,45.87%,3.27,1.97
soundcloud playlist converter wav,16,17,25,40,64%,42.5%,1.84,1.65
soundcloud to .wav,12,17,24,58,50%,29.31%,2.17,1.43
souncloud to wav,8,45,32,125,25%,36%,2.34,1.88
download soundcloud playlist wav,8,9,26,41,30.77%,21.95%,2.42,3.83
geeksai,8,14,17,24,47.06%,58.33%,1.76,1.17
soundcloud playlist downloader,6,303,63,2060,9.52%,14.71%,4.87,5.82
sound cloud to wav,5,36,30,99,16.67%,36.36%,2.43,1.79
soundcloud wav downloader,4,84,17,625,23.53%,13.44%,6.18,4.44
soundlcoud to wav,4,10,13,45,30.77%,22.22%,2.08,1.93
soudcloud to wav,4,6,6,16,66.67%,37.5%,2.17,1.44
soundcloud converter wav,3,89,20,705,15%,12.62%,2.95,3.73
download soundcloud playlist,2,50,32,272,6.25%,18.38%,7.22,4.75
soundcloud downloader wav,2,138,24,1975,8.33%,6.99%,7.21,4.77
soundcloud set downloader,2,0,12,1,16.67%,0%,5.25,9
soundcloud album download,2,1,11,8,18.18%,12.5%,6.64,7.5
soundcliud to wav,2,6,7,15,28.57%,40%,2.57,1.6
soundclod to wav,2,10,6,20,33.33%,50%,2.17,1.95
download playlist soundcloud wav,2,16,5,44,40%,36.36%,2.2,2.45
soundcoud to wav,2,9,5,22,40%,40.91%,2.2,1.59
soundclound to wav,2,4,4,26,50%,15.38%,2,2.77
soundcloud to wavb,2,0,3,0,66.67%,0%,1.33,0
download soundcloud playlist to wav,2,11,3,44,66.67%,25%,3.33,2.05
downloader soundcloud wav,1,3,28,74,3.57%,4.05%,8.86,5.36
soudncloud to wav,1,9,6,25,16.67%,36%,2,1.96
soundcloud playlist to wav downloader,1,4,6,8,16.67%,50%,3.17,2.38
soundclout to wav,1,3,6,9,16.67%,33.33%,4,1.56
download sc playlist,1,0,5,0,20%,0%,6.8,0
soundcloudtowav,1,11,4,29,25%,37.93%,1.5,1.59
soundcould to wav,1,1,4,4,25%,25%,2,1.25
soundcloud towav,1,9,4,18,25%,50%,2.25,1.67
soundloud to wav,1,10,4,21,25%,47.62%,4.5,1.86
soundcloud wav,1,33,4,272,25%,12.13%,14.25,5.04
soundclud to wav,1,5,3,17,33.33%,29.41%,2.33,1.76
sc playlist to mp3,1,0,3,2,33.33%,0%,6.67,5
soundcloud to wave converter,1,1,2,3,50%,33.33%,3,1
can you give me more websites,1,0,1,0,100%,0%,1,0
soundcloudto wav,1,3,1,8,100%,37.5%,2,1.75
dowload soundcloud playlist,1,0,1,1,100%,0%,4,4
descargar lista de soundcloud,1,0,1,0,100%,0%,12,0
soundcloud converter to wav,1,12,1,84,100%,14.29%,12,3.23
download soundcloud wav,1,6,1,88,100%,6.82%,23,6.83
tip screen,0,0,34,745,0%,0%,1,7.61
download music soundcloud wav,0,0,20,127,0%,0%,8.45,6.48
site:geekskai.com,0,0,19,40,0%,0%,1,17.75
4 digit number generator,0,0,18,3,0%,0%,9.83,22.67
print checker,0,0,15,0,0%,0%,23.33,0
soundcloud to wac,0,13,13,46,0%,28.26%,2.46,1.7
download soundcloud songs wav,0,1,13,66,0%,1.52%,8.15,7.95
soundcloud converter wav free,0,5,10,21,0%,23.81%,7.2,5.05
soundcloud download playlists,0,2,8,10,0%,20%,6.75,5
random 4 digit number generator,0,0,8,14,0%,0%,7.88,17.29
youtube 音声ダウンロード,0,0,7,0,0%,0%,13.57,0
sample vin generator,0,0,5,0,0%,0%,8,0
youtube downloader safe,0,0,5,0,0%,0%,9,0
カラー印刷テストページ pdf,0,0,5,12,0%,0%,45.4,32.33
download a soundcloud playlist,0,1,4,4,0%,25%,3.25,3
soundcloud downloader playlist,0,5,4,95,0%,5.26%,3.25,5.45
soundcloud to mp3 playlist,0,6,4,69,0%,8.7%,5.5,5.67
random 4 numbers,0,0,4,0,0%,0%,6,0
youtube 音声 ダウンロード,0,0,4,0,0%,0%,13.5,0
site:calumetheritagearea.org,0,0,4,0,0%,0%,48.75,0
typescript rename field but keep jsdoc,0,0,4,3,0%,0%,49,38.33
unblocked proxy,0,1,4,46,0%,2.17%,65.25,46.74
soundcloud to wab,0,5,3,18,0%,27.78%,2,1.78
descargar de soundcloud a wav online,0,0,3,0,0%,0%,3,0
4 digit number random,0,0,3,0,0%,0%,6.33,0
4 digit random number generator,0,0,3,6,0%,0%,8.67,20.67
www.myfavouriteplaces.org,0,0,3,1028,0%,0%,9.67,6.23
random 4 number generator,0,0,3,1,0%,0%,10,6
4 digit number randomizer,0,0,3,0,0%,0%,11,0
chivalry test,0,0,3,11,0%,0%,12.33,13.45
four number random generator,0,0,3,0,0%,0%,12.33,0
soundcloud to wave,0,3,3,59,0%,5.08%,12.67,5.31
random code generator,0,0,3,0,0%,0%,23.33,0
invincible edit maker,0,0,3,0,0%,0%,42,0
react editable grid,0,0,3,67,0%,0%,64.33,64.34
www. myfavouriteplaces.org/,0,0,2,970,0%,0%,2.5,6.13
soundcloud ripper wav,0,21,2,94,0%,22.34%,4.5,3.5
downloader soundcloud playlist,0,0,2,8,0%,0%,5,7.25
soundcloud to playlist,0,0,2,8,0%,0%,6,4.25
download soundcloud albums,0,0,2,0,0%,0%,7,0
best soundcloud playlist downloader,0,0,2,1,0%,0%,8,10
can you download playlists on soundcloud,0,0,2,2,0%,0%,8,10
soundcloud audio downloader wav,0,1,2,27,0%,3.7%,8.5,6.74
random four digit number generator,0,0,2,3,0%,0%,9,18
4 digit generator,0,0,2,0,0%,0%,10,0
generate 4 random numbers,0,0,2,2,0%,0%,11,20.5
pick a random 4 digit number,0,0,2,0,0%,0%,11,0
random 4 digit generator,0,0,2,7,0%,0%,11,20.43
youtube音声ダウンロード,0,0,2,0,0%,0%,11,0
vin generator random,0,0,2,4,0%,0%,15,10.25
print color test page,0,0,2,0,0%,0%,20,0
js express tracking,0,0,2,0,0%,0%,22.5,0
print test page hp printer,0,0,2,0,0%,0%,25,0
tocm,0,0,2,2,0%,0%,52,25
tip screen prank,0,0,2,0,0%,0%,56,0
alternatives,0,0,1,0,0%,0%,1,0
image transfer msc vs mtp,0,0,1,1,0%,0%,1,1
soundcloud to waw,0,5,1,15,0%,33.33%,1,2.33
tip scren,0,0,1,8,0%,0%,1,8.12
download soundcloud tracks to wav,0,1,1,2,0%,50%,2,4
soundclou to wav,0,2,1,7,0%,28.57%,2,3
soundcloud playlist donwloader,0,4,1,10,0%,40%,2,5.3
soundcloud to vaw,0,0,1,1,0%,0%,2,3
soundcloudplaylistdownloader,0,0,1,16,0%,0%,2,7.12
soundcloud downloader pc,0,0,1,0,0%,0%,3,0
download soundcloud mp3,0,0,1,3,0%,0%,4,52.67
myfavouriteplaces.org/,0,0,1,273,0%,0%,4,5.13
generate 4 digit random number,0,0,1,2,0%,0%,5,26
sound cloud playlist downloader,0,6,1,31,0%,19.35%,5,6.13
high quality audio download,0,0,1,0,0%,0%,6,0
soundcloud download tracks wav,0,0,1,0,0%,0%,6,0
youtube download browser,0,0,1,0,0%,0%,6,0
soundcloud playlist to mp3 player,0,14,1,164,0%,8.54%,7,4.15
4 digit lucky number generator,0,0,1,0,0%,0%,8,0
4 random number generator,0,0,1,0,0%,0%,8,0
safe youtube downloader,0,0,1,0,0%,0%,8,0
soundcloud playlsit downloader,0,0,1,2,0%,0%,8,5
download soundcloud songs to wav,0,27,1,72,0%,37.5%,9,3.14
fast download youtube,0,0,1,0,0%,0%,9,0
generate random code,0,0,1,0,0%,0%,9,0
soundcloud rip to wav,0,0,1,3,0%,0%,9,5.33
js express contact number,0,0,1,0,0%,0%,10,0
lucky 4 digit number,0,0,1,0,0%,0%,10,0
soundcloud song download wav,0,14,1,56,0%,25%,10,3.89
4 digit rng,0,0,1,0,0%,0%,11,0
random car vin number,0,0,1,3,0%,0%,11,30.33
random number generator 4 digit,0,0,1,162,0%,0%,11,7.53
soundcload to wav,0,1,1,5,0%,20%,11,2.2
soundcloud wav converter free,0,0,1,2,0%,0%,11,4
test print color page,0,0,1,0,0%,0%,11,0
4 digit pin generator,0,0,1,0,0%,0%,12,0
download som youtube,0,0,1,0,0%,0%,12,0
make your own invincible title card,0,0,1,0,0%,0%,12,0
soundcloud downloader high quality wav,0,16,1,111,0%,14.41%,12,3.71
4 digit code generator,0,0,1,3,0%,0%,13,20
random 4 numbers generator,0,0,1,0,0%,0%,13,0
generate a random code,0,0,1,0,0%,0%,14,0
color test page to print,0,0,1,0,0%,0%,17,0
convertidor de soundcloud a mp3,0,0,1,5,0%,0%,17,23.6
js express package tracking,0,0,1,0,0%,0%,18,0
soundcloud url to wav,0,0,1,0,0%,0%,18,0
myfavouriteplaces.org:// blog,0,0,1,314,0%,0%,19,5.2
print a color test page,0,0,1,0,0%,0%,19,0
youtube videos mp3 download app,0,0,1,0,0%,0%,19,0
otp generator number,0,0,1,0,0%,0%,20,0
print test page black and white,0,0,1,0,0%,0%,20,0
soundcloud wav download,0,8,1,116,0%,6.9%,20,5.8
youtube music downloader,0,0,1,0,0%,0%,20,0
descargar mp3 de soundcloud,0,0,1,0,0%,0%,21,0
discord timestamp,0,0,1,51,0%,0%,21,45.16
mb vin decoder,0,0,1,0,0%,0%,21,0
youtube video mp3 download apps,0,0,1,0,0%,0%,24,0
color print page test,0,0,1,0,0%,0%,25,0
testing printer,0,0,1,0,0%,0%,25,0
wav downloader soundcloud,0,0,1,5,0%,0%,25,8
youtube copy paste link,0,0,1,0,0%,0%,25,0
youtube video mp3 download app,0,0,1,0,0%,0%,25,0
wav to soundcloud,0,0,1,0,0%,0%,26,0
color printer test page,0,0,1,0,0%,0%,29,0
generator random codes,0,0,1,0,0%,0%,29,0
print a test page hp printer,0,0,1,0,0%,0%,30,0
test document print,0,0,1,0,0%,0%,30,0
discord timestamp converter,0,0,1,6,0%,0%,31,32.33
number code generator,0,0,1,5,0%,0%,31,38.6
how to remove milliseconds from timestamp in js,0,0,1,4,0%,0%,36,28
video audio download app,0,0,1,0,0%,0%,36,0
leave a tip screen iphone,0,0,1,1,0%,0%,37,41
at least one capital letter regex,0,0,1,1,0%,0%,40,28
soundcloud to mp3 converter,0,12,1,206,0%,5.83%,41,12.12
fake tip screen,0,0,1,49,0%,0%,46,8.29
invincible intro card,0,0,1,0,0%,0%,48,0
invincible intro screen,0,0,1,0,0%,0%,48,0
leave a tip screen,0,0,1,7,0%,0%,54,29.86
youtube mp4,0,3,1,11,0%,27.27%,60,75.18
react navlink,0,0,1,0,0%,0%,63,0
ssn,0,0,1,0,0%,0%,75,0
soundcloud to mp3,0,64,1,1760,0%,3.64%,76,10.36
123movies sites,0,0,1,0,0%,0%,78,0
express monitoring,0,0,1,0,0%,0%,84,0
geekai,0,0,1,0,0%,0%,100,0
soundcloud playlist download,0,79,0,377,0%,20.95%,0,4.55
soundcloud to mp3 player,0,54,0,2962,0%,1.82%,0,7.81
soundcloud converter,0,36,0,1583,0%,2.27%,0,7.86
soundcloud music download wav,0,33,0,235,0%,14.04%,0,4.78
soundcloud playlist to mp3,0,32,0,272,0%,11.76%,0,3.95
soundcloud mp3 converter,0,19,0,602,0%,3.16%,0,7.91
soundcloud wav converter,0,18,0,108,0%,16.67%,0,5.24
soundcloud downloader to wav,0,17,0,126,0%,13.49%,0,4.38
soundcloud to wav converter free,0,17,0,55,0%,30.91%,0,2.44
convertidor soundcloud a wav,0,14,0,108,0%,12.96%,0,4.3
unblocked music,0,14,0,75,0%,18.67%,0,36.67
soundcloud download wav free,0,14,0,46,0%,30.43%,0,3.15
convertidor de soundcloud a wav,0,13,0,168,0%,7.74%,0,4.83
download from soundcloud to wav free,0,13,0,43,0%,30.23%,0,2.77
youtubeダウンローダー,0,13,0,40,0%,32.5%,0,42.35
download from soundcloud to wav,0,12,0,200,0%,6%,0,4.84
soundcloud mp3,0,12,0,136,0%,8.82%,0,14.4
soundcloud to wav 320kbps,0,12,0,60,0%,20%,0,3.93
soundcloud download wav,0,11,0,20514,0%,0.05%,0,5.18
sc to wav,0,11,0,89,0%,12.36%,0,4.46
download soundcloud playlists,0,11,0,79,0%,13.92%,0,5.3
download playlist soundcloud,0,10,0,73,0%,13.7%,0,4.73
soundcloud download to wav,0,10,0,62,0%,16.13%,0,3.79
ecrypto1.com,0,9,0,2072,0%,0.43%,0,8.32
iamrestaurant.com,0,9,0,1198,0%,0.75%,0,8.94
descargar musica de soundcloud wav,0,9,0,231,0%,3.9%,0,7.15
baixar playlist soundcloud wav,0,9,0,97,0%,9.28%,0,6.96
ユーチューブダウンローダー,0,9,0,25,0%,36%,0,34.72
soundcloud playlist to wav converter,0,9,0,20,0%,45%,0,3.5
youtube ダウンローダー,0,9,0,16,0%,56.25%,0,57
soundcloud download playlist,0,8,0,81,0%,9.88%,0,5.27
download soundcloud to wav,0,8,0,64,0%,12.5%,0,4.75
soundcloud to mp3 320,0,8,0,62,0%,12.9%,0,12.85
soundcloud a wav,0,7,0,138,0%,5.07%,0,5.57
tải nhạc soundcloud wav,0,7,0,137,0%,5.11%,0,5.28
download soundcloud audio wav,0,7,0,82,0%,8.54%,0,5.65
soundcloud download song wav,0,7,0,25,0%,28%,0,4.48
investiit.com,0,6,0,480,0%,1.25%,0,7.65
descargar de soundcloud a wav,0,6,0,217,0%,2.76%,0,6.83
soundcloud song downloader wav,0,6,0,115,0%,5.22%,0,4.9
soundcloud to wav free,0,6,0,56,0%,10.71%,0,4.48
de soundcloud a wav,0,6,0,41,0%,14.63%,0,4.27
soundcloud link to wav,0,6,0,31,0%,19.35%,0,4.32
soundcloud playlist downloaded,0,6,0,24,0%,25%,0,3.88
youtube 1080p ダウンロード ブラウザ,0,6,0,22,0%,27.27%,0,11.77
無料youtubeダウンローダー,0,6,0,7,0%,85.71%,0,43.86
download soundcloud music wav,0,5,0,86,0%,5.81%,0,7.69
descargar soundcloud wav,0,5,0,51,0%,9.8%,0,5.98
youtube 1080p ダウンロード,0,5,0,49,0%,10.2%,0,8.57
convertisseur soundcloud wav,0,5,0,38,0%,13.16%,0,7.79
youtube ダウンロード 1080p ブラウザ,0,5,0,35,0%,14.29%,0,6.4
soundcloud playlist downlaoder,0,5,0,28,0%,17.86%,0,4.61
music unblocked,0,5,0,25,0%,20%,0,39.16
youtube download 1080p,0,5,0,8,0%,62.5%,0,22.5
скачать музыку с саундклауд wav,0,4,0,120,0%,3.33%,0,6.22
souncloud playlist downloader,0,4,0,74,0%,5.41%,0,6.72
скачать с саундклауда wav,0,4,0,65,0%,6.15%,0,7.82
download song from soundcloud wav,0,4,0,61,0%,6.56%,0,4.8
soundcloud playlist converter,0,4,0,44,0%,9.09%,0,4.07
converter soundcloud para wav,0,4,0,44,0%,9.09%,0,6.55
download playlist from soundcloud,0,4,0,32,0%,12.5%,0,4.91
baixar soundcloud wav,0,4,0,29,0%,13.79%,0,4.9
free soundcloud downloader wav,0,4,0,27,0%,14.81%,0,3.63
soundcloud to wav file,0,4,0,22,0%,18.18%,0,3
descargar playlist soundcloud,0,4,0,22,0%,18.18%,0,3.18
soundcloud to download wav,0,4,0,21,0%,19.05%,0,3.71
soundcloud converter playlist,0,4,0,18,0%,22.22%,0,3.89
soundcloud download playlist free,0,4,0,18,0%,22.22%,0,4.78
descargar playlist de soundcloud,0,4,0,18,0%,22.22%,0,5.72
soundcloud playlist mp3,0,4,0,18,0%,22.22%,0,6.33
soundcloud download wav online,0,4,0,17,0%,23.53%,0,5.06
playlist download soundcloud,0,4,0,16,0%,25%,0,3.75
rip soundcloud to wav,0,4,0,15,0%,26.67%,0,3.6
youtube ダウンロード hd,0,4,0,15,0%,26.67%,0,6.93
youtube ダウンロード ブラウザ,0,4,0,14,0%,28.57%,0,50.57
youtube downloader,0,4,0,10,0%,40%,0,110.2
soundcloud playlists download,0,4,0,8,0%,50%,0,3.88
baixar musica soundcloud wav,0,3,0,64,0%,4.69%,0,4.83
soundcloud converter mp3,0,3,0,64,0%,4.69%,0,9.39
conversor soundcloud wav,0,3,0,55,0%,5.45%,0,5.35
baixar do soundcloud em wav,0,3,0,53,0%,5.66%,0,5.21
soundcloud audio download wav,0,3,0,53,0%,5.66%,0,6.02
descargar música de soundcloud en wav,0,3,0,50,0%,6%,0,6.46
download soundcloud playlist free,0,3,0,48,0%,6.25%,0,5.06
soundcloud downloader,0,3,0,42,0%,7.14%,0,30.14
sc downloader wav,0,3,0,34,0%,8.82%,0,5.76
soundcloud to wav download,0,3,0,32,0%,9.38%,0,7
soundcloud downloader wav free,0,3,0,29,0%,10.34%,0,5.76
soundcloud playlist downloader mp3,0,3,0,25,0%,12%,0,4.04
download wav from soundcloud,0,3,0,25,0%,12%,0,6.48
soundcloud to mp3 download,0,3,0,24,0%,12.5%,0,14.33
playlist soundcloud download,0,3,0,23,0%,13.04%,0,4.35
soundcloud playlist download mp3,0,3,0,22,0%,13.64%,0,4.41
download songs from soundcloud wav,0,3,0,21,0%,14.29%,0,3.52
convertir soundcloud a wav,0,3,0,21,0%,14.29%,0,5.81
скачать музыку с soundcloud в wav,0,3,0,14,0%,21.43%,0,5.86
soundcloud playlist download free,0,3,0,10,0%,30%,0,2.7
download sound cloud playlist,0,3,0,10,0%,30%,0,4.7
soundcloud playlist dowloader,0,3,0,9,0%,33.33%,0,4.56
convertir de soundcloud a wav,0,3,0,9,0%,33.33%,0,4.67
ユーチューブ無料ダウンローダー,0,3,0,4,0%,75%,0,35.75
make1m.com,0,2,0,468,0%,0.43%,0,24.73
descargar musica soundcloud wav,0,2,0,94,0%,2.13%,0,7.39
soundcloud mp3 converter download,0,2,0,88,0%,2.27%,0,8.95
soundcloud link download wav,0,2,0,70,0%,2.86%,0,5.63
soundcloud convert,0,2,0,61,0%,3.28%,0,9.48
soundcloud to mp3 320kbps,0,2,0,61,0%,3.28%,0,10.18
mp3 converter soundcloud,0,2,0,50,0%,4%,0,9.14
convert soundcloud to mp3,0,2,0,44,0%,4.55%,0,9.84
soundcloud mp3 convert 320,0,2,0,39,0%,5.13%,0,9.97
soundcloud converter to mp3,0,2,0,34,0%,5.88%,0,9.85
convertidor de soundcloud a wav alta calidad,0,2,0,28,0%,7.14%,0,5.21
convert soundcloud to wav,0,2,0,28,0%,7.14%,0,6.43
download from soundcloud wav,0,2,0,27,0%,7.41%,0,7.22
fake tip screen website,0,2,0,25,0%,8%,0,4.44
descargar canciones de soundcloud en wav,0,2,0,23,0%,8.7%,0,8
playlist downloader soundcloud,0,2,0,22,0%,9.09%,0,6.45
soundcloud to wav downloader free,0,2,0,21,0%,9.52%,0,6.14
conversor de soundcloud a wav,0,2,0,19,0%,10.53%,0,5.42
descarga soundcloud wav,0,2,0,18,0%,11.11%,0,6.44
soundcloud playlist dl,0,2,0,17,0%,11.76%,0,7.29
descargar soundcloud convertidor,0,2,0,17,0%,11.76%,0,8.06
download soundcloud playlist to mp3,0,2,0,15,0%,13.33%,0,3.73
high quality soundcloud to wav,0,2,0,14,0%,14.29%,0,4.21
soundcloud downloader with metadata,0,2,0,14,0%,14.29%,0,4.86
soundcloud free download wav,0,2,0,14,0%,14.29%,0,4.86
baixar wav soundcloud,0,2,0,14,0%,14.29%,0,5.86
sound cloud playlist download,0,2,0,12,0%,16.67%,0,4.58
オンラインyoutubeダウンロード,0,2,0,12,0%,16.67%,0,10.42
soundcloud to wav convert,0,2,0,11,0%,18.18%,0,3.27
soundcloud playlist download online,0,2,0,11,0%,18.18%,0,3.82
download playlist soundcloud online,0,2,0,11,0%,18.18%,0,5.09
soundcloud playlist convert to mp3,0,2,0,11,0%,18.18%,0,8
unblocked music websites,0,2,0,11,0%,18.18%,0,31.09
soundcloud playlist downloader wav,0,2,0,10,0%,20%,0,1.1
soundcloud wave downloader,0,2,0,10,0%,20%,0,4.8
soundcloud playlist to mp3 converter,0,2,0,10,0%,20%,0,6.5
soundcloud wave,0,2,0,10,0%,20%,0,6.8
convertidor soundcloud alta calidad,0,2,0,10,0%,20%,0,8.9
conversor soundcloud playlist,0,2,0,9,0%,22.22%,0,9.33
download souncloud playlist,0,2,0,8,0%,25%,0,4.5
soundcloud playlist downloader online,0,2,0,7,0%,28.57%,0,6
telecharger playlist soundcloud,0,2,0,7,0%,28.57%,0,10
free soundcloud to wav converter,0,2,0,6,0%,33.33%,0,2.5
playlist soundcloud to mp3,0,2,0,6,0%,33.33%,0,6.33
youtubeダウンロード 1080p ブラウザ,0,2,0,5,0%,40%,0,13.4
how to download playlist on soundcloud,0,2,0,4,0%,50%,0,3.75
soundcloud playlist downlaod,0,2,0,4,0%,50%,0,4.25
soundcloudplaylist downloader,0,2,0,4,0%,50%,0,4.5
kostenloser soundcloud downloader wav,0,2,0,4,0%,50%,0,10
オンラインyoutubeダウンローダー,0,2,0,4,0%,50%,0,20
invincible font generator,0,2,0,4,0%,50%,0,33.75
youtube mp4 ブラウザ,0,2,0,4,0%,50%,0,36
youtube mp4 ダウンロード,0,2,0,3,0%,66.67%,0,18.67
youtube video downloader,0,2,0,3,0%,66.67%,0,123
music free unblocked,0,2,0,2,0%,100%,0,46
content://cz.mobilesoft.appblock.fileprovider/cache/blank.html,0,1,0,3421,0%,0.03%,0,11.15
descargar musica de soundcloud en wav,0,1,0,178,0%,0.56%,0,8.23
soundcloud mp3 player,0,1,0,127,0%,0.79%,0,9.01
convertidor soundcloud,0,1,0,91,0%,1.1%,0,7.95
soundcloud convertor,0,1,0,57,0%,1.75%,0,7.67
скачать с soundcloud wav,0,1,0,39,0%,2.56%,0,5.33
soundcloud to audio file,0,1,0,39,0%,2.56%,0,9.49
soundcloud 2 mp3,0,1,0,38,0%,2.63%,0,10.34
descargar canciones de soundcloud wav,0,1,0,35,0%,2.86%,0,7.06
descargar musica de soundcloud a wav,0,1,0,35,0%,2.86%,0,7.6
download soundcloud to mp3,0,1,0,35,0%,2.86%,0,9.49
sound cloud to mp3,0,1,0,34,0%,2.94%,0,10.09
youtube ダウンロード 1080p,0,1,0,32,0%,3.12%,0,12.44
soundcloud convert to mp3,0,1,0,31,0%,3.23%,0,11.29
soundcloud audio converter,0,1,0,29,0%,3.45%,0,8.45
sound cloud mp3 converter,0,1,0,28,0%,3.57%,0,7.86
unblocked proxies,0,1,0,27,0%,3.7%,0,39.56
convertidor soundcloud wav,0,1,0,26,0%,3.85%,0,3.88
soundcloud to mo3,0,1,0,26,0%,3.85%,0,8.92
soundcloud playlist downloader free,0,1,0,24,0%,4.17%,0,4.58
souncloud converter,0,1,0,24,0%,4.17%,0,7.29
オンラインyoutube無料ダウンローダー,0,1,0,24,0%,4.17%,0,18.54
download from soundcloud,0,1,0,23,0%,4.35%,0,11.35
descargar wav de soundcloud,0,1,0,21,0%,4.76%,0,7
soundcloud convert mp3 320kbps,0,1,0,21,0%,4.76%,0,9.9
soundcloud converter online,0,1,0,21,0%,4.76%,0,10.81
proxy unblocked,0,1,0,19,0%,5.26%,0,50.16
listen to free music unblocked,0,1,0,19,0%,5.26%,0,69.16
conversor soundcloud para wav,0,1,0,17,0%,5.88%,0,4.71
download music from soundcloud wav,0,1,0,17,0%,5.88%,0,7.88
soundcloud downloader wav file,0,1,0,16,0%,6.25%,0,4.62
unblocked proxy sites,0,1,0,16,0%,6.25%,0,51.06
soundcloud music downloader wav,0,1,0,15,0%,6.67%,0,5.4
unblocked sites,0,1,0,15,0%,6.67%,0,46.53
convert soundcloud playlist to mp3,0,1,0,14,0%,7.14%,0,8.14
soundcloud download,0,1,0,14,0%,7.14%,0,30.86
soundcloud rip wav,0,1,0,13,0%,7.69%,0,4.85
download soundcloud link wav,0,1,0,13,0%,7.69%,0,5.15
unblocked websites,0,1,0,13,0%,7.69%,0,51.85
sites like 123movies,0,1,0,12,0%,8.33%,0,30.58
converter soundcloud to wav,0,1,0,11,0%,9.09%,0,3.55
wav downloader,0,1,0,11,0%,9.09%,0,12.82
youtube動画ダウンローダー,0,1,0,11,0%,9.09%,0,55.82
soundcloud 2 wav,0,1,0,10,0%,10%,0,3.5
soundcloud descargar wav,0,1,0,10,0%,10%,0,6.8
soundcloud playlist ripper,0,1,0,9,0%,11.11%,0,2.22
download soundcloud link to wav,0,1,0,9,0%,11.11%,0,4.67
download entire soundcloud playlist,0,1,0,9,0%,11.11%,0,6
soundlcoud playlist downloader,0,1,0,9,0%,11.11%,0,6
soundcloud convert wav,0,1,0,9,0%,11.11%,0,6.89
soundcloud download all tracks,0,1,0,9,0%,11.11%,0,7.33
youtube 保存 1080,0,1,0,9,0%,11.11%,0,9.67
free fake tip screen,0,1,0,8,0%,12.5%,0,2.88
soundcloud downloader online wav,0,1,0,8,0%,12.5%,0,4
download soundcloud playlist mp3,0,1,0,8,0%,12.5%,0,5.12
soundcloud playlist mp3 download,0,1,0,8,0%,12.5%,0,6
soundcloud playlist converter online,0,1,0,8,0%,12.5%,0,7.12
download wav soundcloud,0,1,0,8,0%,12.5%,0,7.75
youtube a mp4 hd,0,1,0,8,0%,12.5%,0,28.25
proxy site unblocked,0,1,0,8,0%,12.5%,0,55.62
descargar listas de soundcloud,0,1,0,7,0%,14.29%,0,5
soundcloud downloader wav high quality,0,1,0,7,0%,14.29%,0,8
soundcloud to mp3 player free,0,1,0,7,0%,14.29%,0,8
soundcloud mp3 download playlist,0,1,0,7,0%,14.29%,0,8.57
sclouddownloader wav,0,1,0,7,0%,14.29%,0,9.29
soundcloud album downloader,0,1,0,7,0%,14.29%,0,9.29
無料オンラインyoutubeダウンローダー,0,1,0,7,0%,14.29%,0,9.57
baixar playlist soundcloud,0,1,0,7,0%,14.29%,0,9.71
conversor soundcloud,0,1,0,7,0%,14.29%,0,17.43
free music unblocked,0,1,0,7,0%,14.29%,0,35.71
soundclodu to wav,0,1,0,6,0%,16.67%,0,1.67
sound cloud playlist to mp3,0,1,0,6,0%,16.67%,0,4
soundcloud track downloader wav,0,1,0,6,0%,16.67%,0,5.17
soundcloud free download playlist,0,1,0,6,0%,16.67%,0,5.83
souncloud convert,0,1,0,6,0%,16.67%,0,9.67
soundcloud download mp3 converter,0,1,0,6,0%,16.67%,0,10.67
ユーチューブ ダウンロード 1080p,0,1,0,6,0%,16.67%,0,12.5
free unblocked music,0,1,0,6,0%,16.67%,0,44
proxy unblock websites,0,1,0,6,0%,16.67%,0,71.83
descargar lista soundcloud,0,1,0,5,0%,20%,0,4.6
soundcloud.wav,0,1,0,5,0%,20%,0,5.2
скачать с саундклауд wav,0,1,0,5,0%,20%,0,6.8
soundcloud playlist downloaden,0,1,0,5,0%,20%,0,9.6
soundcloud mo3 converter,0,1,0,5,0%,20%,0,17.4
youtube 1080p 保存,0,1,0,5,0%,20%,0,20.6
proxy web browser unblocked,0,1,0,5,0%,20%,0,90.8
download from soundcloud playlist,0,1,0,4,0%,25%,0,3.75
sound cloud wav,0,1,0,4,0%,25%,0,3.75
soundcloud to wa,0,1,0,4,0%,25%,0,4.25
wav soundcloud download,0,1,0,4,0%,25%,0,5.25
soundcloud to wav high quality,0,1,0,4,0%,25%,0,6.75
youtube 1080 保存,0,1,0,4,0%,25%,0,6.75
soudcloud to mp3,0,1,0,4,0%,25%,0,8.75
youtubeダウンロード1080,0,1,0,4,0%,25%,0,13
動画ダウンロード url 貼り 付け youtube,0,1,0,4,0%,25%,0,23.5
unblocked websites for music,0,1,0,4,0%,25%,0,35
tip screen generator,0,1,0,3,0%,33.33%,0,2.67
soundcloud to wav playlist,0,1,0,3,0%,33.33%,0,3.33
download playlists from soundcloud,0,1,0,3,0%,33.33%,0,3.67
youtube download 720p,0,1,0,3,0%,33.33%,0,7.33
iamrestaurant,0,1,0,3,0%,33.33%,0,8.33
youtube download オンライン,0,1,0,3,0%,33.33%,0,14
youtube ダウンロード 1080,0,1,0,3,0%,33.33%,0,14
youtube to mp4 hd,0,1,0,3,0%,33.33%,0,24.33
de youtube a mp4 hd,0,1,0,3,0%,33.33%,0,24.67
télécharger playlist soundcloud wav,0,1,0,3,0%,33.33%,0,25.67
perm processing time tracker,0,1,0,3,0%,33.33%,0,28.33
無料ユーチューブダウンローダー,0,1,0,3,0%,33.33%,0,29
youtube mp4 url,0,1,0,3,0%,33.33%,0,35.67
proxy website unblocked,0,1,0,3,0%,33.33%,0,41.67
無料youtubeビデオダウンローダー,0,1,0,3,0%,33.33%,0,44
youtube 無料 ダウンロード,0,1,0,3,0%,33.33%,0,51
youtube ダウンロード 無料,0,1,0,3,0%,33.33%,0,72
free youtube video downloader,0,1,0,3,0%,33.33%,0,147
soundcloud download wav file,0,1,0,2,0%,50%,0,3.5
youtube download 480p,0,1,0,2,0%,50%,0,6
wav from soundcloud,0,1,0,2,0%,50%,0,7.5
soundcloud conventer,0,1,0,2,0%,50%,0,10
soundcloud to audio,0,1,0,2,0%,50%,0,10
скачать плейлист с soundcloud,0,1,0,2,0%,50%,0,12
youtubeダウンローダーオンライン,0,1,0,2,0%,50%,0,15.5
youtube mp4 1080p,0,1,0,2,0%,50%,0,17
ユーチューブダウンロードブラウザ,0,1,0,2,0%,50%,0,18
youtubeダウンローダー 無料,0,1,0,2,0%,50%,0,20
ユーチューブ ダウンローダー,0,1,0,2,0%,50%,0,20
soundcloud download online,0,1,0,2,0%,50%,0,20.5
invincible title card maker,0,1,0,2,0%,50%,0,22.5
descargar mp4 1080p,0,1,0,2,0%,50%,0,23
un blocked music,0,1,0,2,0%,50%,0,30
not blocked music sites,0,1,0,2,0%,50%,0,31.5
youtubeダウンロード ブラウザ 無料,0,1,0,2,0%,50%,0,45
youtube 動画ダウンローダー,0,1,0,2,0%,50%,0,63.5
proxy unblocked free,0,1,0,2,0%,50%,0,65.5
youtubeダウンロード ブラウザ,0,1,0,2,0%,50%,0,66
youtubeビデオダウンローダー,0,1,0,2,0%,50%,0,66.5
unblocked music mp3,0,1,0,2,0%,50%,0,79.5
youtube mp4 サイト,0,1,0,2,0%,50%,0,89.5
android,0,1,0,1,0%,100%,0,1
soundcloud downloader playlist wav,0,1,0,1,0%,100%,0,1
soundcloud audio to mp3 converter,0,1,0,1,0%,100%,0,6
wav downloader free,0,1,0,1,0%,100%,0,6
youtube mp4 downloader 1080p,0,1,0,1,0%,100%,0,6
soundlcoud to mp3 converter,0,1,0,1,0%,100%,0,9
soundcloud to mp3converter,0,1,0,1,0%,100%,0,10
youtube download,0,1,0,1,0%,100%,0,15
sound cloud mp3,0,1,0,1,0%,100%,0,17
youtubeダウンロード1080p,0,1,0,1,0%,100%,0,17
soundcloud 320 mp3 converter,0,1,0,1,0%,100%,0,18
mp4 変換 youtube,0,1,0,1,0%,100%,0,22
youtube ダウンロード 720p,0,1,0,1,0%,100%,0,27
de youtube a mp4 seguro,0,1,0,1,0%,100%,0,29
unblocked music online,0,1,0,1,0%,100%,0,31
無料youtubeオンラインダウンローダー,0,1,0,1,0%,100%,0,33
soundcloud audio download,0,1,0,1,0%,100%,0,37
youtube mp4ダウンロード,0,1,0,1,0%,100%,0,38
youtube download ブラウザ,0,1,0,1,0%,100%,0,43
soundcloud.aud,0,1,0,1,0%,100%,0,45
unblocked websites to listen to music,0,1,0,1,0%,100%,0,45
youtube 動画 保存 サイト,0,1,0,1,0%,100%,0,49
無料オンラインダウンローダー,0,1,0,1,0%,100%,0,51
youtube video downloader tool,0,1,0,1,0%,100%,0,55
ユーチューブビデオダウンローダー,0,1,0,1,0%,100%,0,66
youtube ダウンロードサイト,0,1,0,1,0%,100%,0,118
youtube downloader web,0,1,0,1,0%,100%,0,174
// @myfavouriteplaces.org,0,0,0,842,0%,0%,0,6.79
//myfavouriteplaces.org,0,0,0,752,0%,0%,0,6.3
#myfavouriteplaces.org,0,0,0,744,0%,0%,0,6.71
myfavouriteplaces.org,0,0,0,643,0%,0%,0,6.85
@myfavouriteplaces.org,0,0,0,541,0%,0%,0,7.27
# myfavouriteplaces.org,0,0,0,526,0%,0%,0,6.29
// myfavouriteplaces.org,0,0,0,498,0%,0%,0,6.27
// @ myfavouriteplaces.org,0,0,0,410,0%,0%,0,6.56
myfavouriteplaces.org tips,0,0,0,384,0%,0%,0,5.07
myfavouriteplaces.org blog,0,0,0,381,0%,0%,0,4.85
@myfavouriteplaces.org blog,0,0,0,353,0%,0%,0,4.8
@ myfavouriteplaces.org,0,0,0,235,0%,0%,0,6.94
www. myfavouriteplaces.org#,0,0,0,214,0%,0%,0,5.53
www.myfavouriteplaces.org#,0,0,0,201,0%,0%,0,5.5
myfavouriteplaces.org hacks tips,0,0,0,158,0%,0%,0,8.83
myfavouriteplaces.org hacks,0,0,0,149,0%,0%,0,9.58
www.iamrestaurant.com,0,0,0,122,0%,0%,0,21.2
скачать музыку из саундклауд wav,0,0,0,86,0%,0%,0,6.84
sound cloud converter,0,0,0,76,0%,0%,0,7.46
jujutsu shenanigans codes,0,0,0,72,0%,0%,0,17.03
cm til tommer,0,0,0,65,0%,0%,0,10.29
best ehs software,0,0,0,59,0%,0%,0,50.69
discord timestamp generator,0,0,0,56,0%,0%,0,42.14
descargar canciones soundcloud wav,0,0,0,55,0%,0%,0,6.04
add a tip screen,0,0,0,53,0%,0%,0,6.55
descargar audio de soundcloud wav,0,0,0,51,0%,0%,0,8.51
mp3 soundcloud convertor,0,0,0,45,0%,0%,0,9.02
123moviesforfree,0,0,0,44,0%,0%,0,8.8
make1m.com millionaire,0,0,0,41,0%,0%,0,12.2
discord time converter,0,0,0,40,0%,0%,0,27.2
soundcloud download music wav,0,0,0,38,0%,0%,0,7.34
convertidor de soundcloud,0,0,0,37,0%,0%,0,7.86
soundcloud to mpe,0,0,0,37,0%,0%,0,9.89
timestamp discord,0,0,0,34,0%,0%,0,49.41
soundcloud to må3,0,0,0,33,0%,0%,0,9.24
bingo bash free chips,0,0,0,32,0%,0%,0,25.91
オンラインyoutube動画ダウンロード,0,0,0,30,0%,0%,0,9.3
soundcloud mp3 download converter,0,0,0,29,0%,0%,0,10.03
discord timestamps,0,0,0,29,0%,0%,0,52.86
soundcloud conver,0,0,0,28,0%,0%,0,8.71
souncloud to mp3,0,0,0,27,0%,0%,0,9.41
mp3 soundcloud converter,0,0,0,27,0%,0%,0,9.48
soundcloudconverter,0,0,0,25,0%,0%,0,7.72
best soundcloud to wav converter,0,0,0,25,0%,0%,0,8.32
無料オンラインyoutube,0,0,0,25,0%,0%,0,10.08
descargar cancion de soundcloud en wav,0,0,0,24,0%,0%,0,8.25
soundcloud mp3 conver,0,0,0,23,0%,0%,0,8.61
random vin number,0,0,0,23,0%,0%,0,9.48
best ehs management software,0,0,0,23,0%,0%,0,54.78
download soundcloud wav free,0,0,0,22,0%,0%,0,4.59
dow soundcloud wav,0,0,0,21,0%,0%,0,7.19
soundcloud mp3 player converter,0,0,0,21,0%,0%,0,8.29
soundcloud coverter,0,0,0,20,0%,0%,0,7.85
react editable table,0,0,0,20,0%,0%,0,24.9
timestamp discord generator,0,0,0,20,0%,0%,0,48.25
ehs software companies,0,0,0,20,0%,0%,0,62.75
descargar wav soundcloud,0,0,0,19,0%,0%,0,5.16
soundcloud toolkit,0,0,0,19,0%,0%,0,6.26
soundcloud playlist downloade,0,0,0,19,0%,0%,0,6.58
convert soundcloud link to mp3,0,0,0,19,0%,0%,0,9.63
soundcloud mp3 wav,0,0,0,18,0%,0%,0,6.83
soundcloud downloader 320kbps wav free,0,0,0,18,0%,0%,0,8.44
perm tracker,0,0,0,18,0%,0%,0,32.28
discord time,0,0,0,18,0%,0%,0,42.56
free music online unblocked,0,0,0,18,0%,0%,0,43.33
discord time stamp,0,0,0,18,0%,0%,0,51.39
dc timestamp generator,0,0,0,18,0%,0%,0,66.72
content //cz.mobilesoft.appblock.fileprovider/cache/blank.html,0,0,0,17,0%,0%,0,12.53
discord timezone converter,0,0,0,17,0%,0%,0,26.18
json to table,0,0,0,17,0%,0%,0,54.59
listen to music online free unblocked,0,0,0,17,0%,0%,0,56.41
soundcloud playlist mp3 downloader,0,0,0,16,0%,0%,0,1.69
soundcloud para wav,0,0,0,16,0%,0%,0,5.5
wav soundcloud,0,0,0,16,0%,0%,0,6.62
soundcloud to mp3 player converter,0,0,0,16,0%,0%,0,9
top 10 ehs software,0,0,0,16,0%,0%,0,42.75
unblock websites proxy,0,0,0,16,0%,0%,0,47.69
discord timestamps generator,0,0,0,16,0%,0%,0,49.94
perm calculator,0,0,0,16,0%,0%,0,54.69
playlist soundcloud downloader,0,0,0,15,0%,0%,0,5.73
convertidor de soundcloud a mp3 wav,0,0,0,15,0%,0%,0,7.73
time zone converter discord,0,0,0,15,0%,0%,0,15.93
invincible title card generator,0,0,0,15,0%,0%,0,21.4
listen to unblocked music,0,0,0,15,0%,0%,0,42.73
unblock proxy,0,0,0,15,0%,0%,0,62.93
bajar soundcloud wav,0,0,0,14,0%,0%,0,6.57
descargador soundcloud wav,0,0,0,14,0%,0%,0,6.64
soundcloud link to mp3 player,0,0,0,14,0%,0%,0,7.86
soundcloud mp3 converte,0,0,0,14,0%,0%,0,8.86
soundcloud to m3,0,0,0,14,0%,0%,0,9.21
bpm to ms,0,0,0,14,0%,0%,0,37.71
generator vin,0,0,0,14,0%,0%,0,38.5
pephop ai,0,0,0,14,0%,0%,0,42.07
timestamp generator discord,0,0,0,14,0%,0%,0,46.86
heic to pdf converter,0,0,0,14,0%,0%,0,62.71
convertitore soundcloud wav,0,0,0,13,0%,0%,0,5.69
soundcloud conveter,0,0,0,13,0%,0%,0,7.46
descargar soundcloud a wav,0,0,0,13,0%,0%,0,7.54
random vin,0,0,0,13,0%,0%,0,10
discord times,0,0,0,13,0%,0%,0,44.46
unblock sites,0,0,0,13,0%,0%,0,59.92
perm update,0,0,0,13,0%,0%,0,70.62
soundcloud download online wav,0,0,0,12,0%,0%,0,5.17
download full soundcloud playlist,0,0,0,12,0%,0%,0,5.5
скачать музыку soundcloud wav,0,0,0,12,0%,0%,0,7
soundcloud wav downloader free,0,0,0,12,0%,0%,0,7.08
soundcloud file converter,0,0,0,12,0%,0%,0,9.33
soundcloud tool,0,0,0,12,0%,0%,0,9.42
soundcloud to mp3 free,0,0,0,12,0%,0%,0,11.75
soundcloud to mp,0,0,0,12,0%,0%,0,12
unblock proxy sites,0,0,0,12,0%,0%,0,54.42
free music streaming unblocked,0,0,0,12,0%,0%,0,58.42
unblock websites,0,0,0,12,0%,0%,0,61.67
unblock proxy site,0,0,0,12,0%,0%,0,61.75
soundcloud to mp3 playlist downloader,0,0,0,11,0%,0%,0,3.64
descargar cancion soundcloud wav,0,0,0,11,0%,0%,0,5.73
soundcloud mp3 playlist,0,0,0,11,0%,0%,0,6.09
descargar desde soundcloud a wav,0,0,0,11,0%,0%,0,6.55
soundcloud 下载 wav,0,0,0,11,0%,0%,0,6.73
chromakopia name generator,0,0,0,11,0%,0%,0,7.45
soundcloud comverter,0,0,0,11,0%,0%,0,7.55
convert soundcloud,0,0,0,11,0%,0%,0,9.55
soundcloud online converter,0,0,0,11,0%,0%,0,10.27
無料オンラインyoutubeダウンロード,0,0,0,11,0%,0%,0,10.82
free bingo bash chips,0,0,0,11,0%,0%,0,19.18
bingo bash freebies,0,0,0,11,0%,0%,0,26.82
timestamps discord,0,0,0,11,0%,0%,0,47.18
timestamp generator,0,0,0,11,0%,0%,0,48.27
download soundcloud song to wav,0,0,0,10,0%,0%,0,4.5
fake tip screen app,0,0,0,10,0%,0%,0,4.6
soundcloud playlist to mp3 download,0,0,0,10,0%,0%,0,4.8
from soundcloud to wav,0,0,0,10,0%,0%,0,7.1
descarga de soundcloud a wav,0,0,0,10,0%,0%,0,7.3
souncloud mp3 converter,0,0,0,10,0%,0%,0,7.5
scdownloader wav,0,0,0,10,0%,0%,0,7.9
wav soundcloud downloader,0,0,0,10,0%,0%,0,8.5
soundcloud link to mp3 converter,0,0,0,10,0%,0%,0,9.2
timezone converter discord,0,0,0,10,0%,0%,0,22.8
react table cell editing,0,0,0,10,0%,0%,0,26.9
unblocked music sites,0,0,0,10,0%,0%,0,29.3
unblocked music streaming,0,0,0,10,0%,0%,0,37.2
first child css,0,0,0,10,0%,0%,0,49.7
soundcloud playlist downlader,0,0,0,9,0%,0%,0,3.78
soundcloud wav indir,0,0,0,9,0%,0%,0,5.56
скачать музыку с саундклауда wav,0,0,0,9,0%,0%,0,6.89
soundcloud sound converter,0,0,0,9,0%,0%,0,7.56
soundcloud convter,0,0,0,9,0%,0%,0,7.67
tip acreen,0,0,0,9,0%,0%,0,8.22
30 cm i tommer,0,0,0,9,0%,0%,0,10.67
random vin gen,0,0,0,9,0%,0%,0,10.67
soundlcoud to mp3,0,0,0,9,0%,0%,0,12.56
soundcloud mp3 convert,0,0,0,9,0%,0%,0,14.56
what is the best ehs platform,0,0,0,9,0%,0%,0,48.22
123movies alternative,0,0,0,9,0%,0%,0,53.56
proxy unblock,0,0,0,9,0%,0%,0,58
download soundcloud playlist online,0,0,0,8,0%,0%,0,3.38
free soundcloud playlist downloader,0,0,0,8,0%,0%,0,4.75
random vin number for car,0,0,0,8,0%,0%,0,5
download soundcloud wave,0,0,0,8,0%,0%,0,5.25
descargar musica soundcloud a wav,0,0,0,8,0%,0%,0,5.38
soundcloud convert to wav,0,0,0,8,0%,0%,0,5.62
soundcloud conv,0,0,0,8,0%,0%,0,7.5
soundcloud mp3 coverter,0,0,0,8,0%,0%,0,7.5
soundcloud mp3 convertitore,0,0,0,8,0%,0%,0,7.75
youtube ダウンロード ブラウザ 1080p,0,0,0,8,0%,0%,0,8
soundcloud tomp3,0,0,0,8,0%,0%,0,8.5
soundclout to mp3,0,0,0,8,0%,0%,0,9
newznav.com,0,0,0,8,0%,0%,0,9.25
youtube url download,0,0,0,8,0%,0%,0,9.38
soundcloud link converter,0,0,0,8,0%,0%,0,9.75
download soundcloud audio mp3,0,0,0,8,0%,0%,0,9.88
mp3 soundcloud playlist,0,0,0,8,0%,0%,0,10
bpm ms,0,0,0,8,0%,0%,0,12.5
download soundcloud wav files,0,0,0,8,0%,0%,0,14
bingo bash free chip,0,0,0,8,0%,0%,0,20
download soundcloud,0,0,0,8,0%,0%,0,22.88
123movies proxy,0,0,0,8,0%,0%,0,42.88
perm tracking,0,0,0,8,0%,0%,0,43.25
perm trackitt,0,0,0,8,0%,0%,0,48.88
123movies alternatives,0,0,0,8,0%,0%,0,51.62
top ehs management software,0,0,0,8,0%,0%,0,60.62
soundcloud downloader tool,0,0,0,7,0%,0%,0,2.43
baixar música soundcloud wav,0,0,0,7,0%,0%,0,4.86
sc playlist downloader,0,0,0,7,0%,0%,0,5
baixar musica do soundcloud em wav,0,0,0,7,0%,0%,0,5.57
bajar musica de soundcloud a wav,0,0,0,7,0%,0%,0,6
custom tip screen,0,0,0,7,0%,0%,0,6.43
convertidor souncloud,0,0,0,7,0%,0%,0,7.29
soundclound converter,0,0,0,7,0%,0%,0,7.57
tipscreen,0,0,0,7,0%,0%,0,7.71
wav download soundcloud,0,0,0,7,0%,0%,0,7.71
soundcloud to mp3 playlist converter,0,0,0,7,0%,0%,0,8.14
converter soundcloud,0,0,0,7,0%,0%,0,8.29
soundcloud to mp3 wav,0,0,0,7,0%,0%,0,8.43
convert soundcloud to mp3 online,0,0,0,7,0%,0%,0,8.57
ユーチューブ保存ツール,0,0,0,7,0%,0%,0,8.57
mp3 converter soundcloud link,0,0,0,7,0%,0%,0,9.14
download soundcloud mp3 wav,0,0,0,7,0%,0%,0,10
ユーチューブ ダウンロード mp4,0,0,0,7,0%,0%,0,10
100 cm i tommer,0,0,0,7,0%,0%,0,10.14
soundcloud converter free,0,0,0,7,0%,0%,0,10.14
無料オンライン youtube,0,0,0,7,0%,0%,0,10.43
hvor mange tommer er 100 cm,0,0,0,7,0%,0%,0,11
soundcloud to mp3 convert,0,0,0,7,0%,0%,0,12.29
content cz mobilesoft appblock fileprovider cache blank html,0,0,0,7,0%,0%,0,13.29
soundcloud ripper,0,0,0,7,0%,0%,0,13.29
unblock music,0,0,0,7,0%,0%,0,25.14
random 4 digit number,0,0,0,7,0%,0%,0,25.57
vin generator,0,0,0,7,0%,0%,0,29.57
music unblock,0,0,0,7,0%,0%,0,31.86
discord timestamp maker,0,0,0,7,0%,0%,0,37.86
proxy sites to unblock websites,0,0,0,7,0%,0%,0,44.57
perm processing tracker,0,0,0,7,0%,0%,0,44.71
unblock websites proxy free,0,0,0,7,0%,0%,0,44.86
best ehs platform,0,0,0,7,0%,0%,0,47
css first child,0,0,0,7,0%,0%,0,50
top ehs software,0,0,0,7,0%,0%,0,51.14
unblock proxies,0,0,0,7,0%,0%,0,54.14
perm case tracker,0,0,0,7,0%,0%,0,54.57
unblocked music player,0,0,0,7,0%,0%,0,55.29
track perm,0,0,0,7,0%,0%,0,55.86
trackitt perm,0,0,0,7,0%,0%,0,56.29
dol perm checker,0,0,0,7,0%,0%,0,59.14
perm status checker,0,0,0,7,0%,0%,0,60.14
heic to pdf online,0,0,0,7,0%,0%,0,61.71
heic to pdf,0,0,0,7,0%,0%,0,64.29
soundcloud rips wav,0,0,0,6,0%,0%,0,4
descargar de soundcloud wav,0,0,0,6,0%,0%,0,4.67
soundcloud to wav converter online free,0,0,0,6,0%,0%,0,5.17
soundcloud playlist downloder,0,0,0,6,0%,0%,0,6.5
converter from soundcloud to mp3,0,0,0,6,0%,0%,0,7
tommer,0,0,0,6,0%,0%,0,7
converter soundcloud wav,0,0,0,6,0%,0%,0,7.17
how to download music from soundcloud to mp3 player,0,0,0,6,0%,0%,0,7.5
youtube 高画質保存 url,0,0,0,6,0%,0%,0,7.5
soudcloud converter,0,0,0,6,0%,0%,0,7.67
soundcloud playlist mp3 converter,0,0,0,6,0%,0%,0,8.67
tip screeb,0,0,0,6,0%,0%,0,8.83
convert from soundcloud to mp3,0,0,0,6,0%,0%,0,9
soundcloud song converter,0,0,0,6,0%,0%,0,9
soundcoud to mp3,0,0,0,6,0%,0%,0,9
無料オンラインyoutube動画,0,0,0,6,0%,0%,0,9
soundloud to mp3,0,0,0,6,0%,0%,0,9.17
soundcloud t omp3,0,0,0,6,0%,0%,0,9.5
soudncloud to mp3,0,0,0,6,0%,0%,0,9.67
soundcloud link mp3 converter,0,0,0,6,0%,0%,0,9.67
how to download soundcloud playlist,0,0,0,6,0%,0%,0,10
20 cm i tommer,0,0,0,6,0%,0%,0,10.67
soundcloud download convert,0,0,0,6,0%,0%,0,10.67
15 cm i tommer,0,0,0,6,0%,0%,0,10.83
soundcloud to mp3 audio,0,0,0,6,0%,0%,0,10.83
soundclud to mp3,0,0,0,6,0%,0%,0,11.67
soundcloud convertidor,0,0,0,6,0%,0%,0,13.33
fake tipping screen,0,0,0,6,0%,0%,0,15
random number generator 4 digits,0,0,0,6,0%,0%,0,19.33
codes jujutsu shenanigans,0,0,0,6,0%,0%,0,21.83
mp3 soundcloud,0,0,0,6,0%,0%,0,29.17
websites like 123movies,0,0,0,6,0%,0%,0,38
discord unix timestamp,0,0,0,6,0%,0%,0,40.17
proxies unblocked,0,0,0,6,0%,0%,0,42
fake ssn,0,0,0,6,0%,0%,0,43
website to unblock websites,0,0,0,6,0%,0%,0,43.17
top ehs software 2026,0,0,0,6,0%,0%,0,46.33
"best cloud ehs software for mobile audits and inspections 2025 2026 
comparison",0,0,0,6,0%,0%,0,47
best ehs software oil gas compliance management 2026,0,0,0,6,0%,0%,0,48.5
best safety audit management software manufacturing 2025 2026,0,0,0,6,0%,0%,0,49
best website unblockers,0,0,0,6,0%,0%,0,50.5
unblock proxy link,0,0,0,6,0%,0%,0,50.67
unblock website proxy,0,0,0,6,0%,0%,0,51.83
perm tracker dol,0,0,0,6,0%,0%,0,54.67
perm case tracking,0,0,0,6,0%,0%,0,56.17
heic to pdf converter free,0,0,0,6,0%,0%,0,59.33
web proxy unblocked,0,0,0,6,0%,0%,0,59.67
perm stats,0,0,0,6,0%,0%,0,69.83
sc to wav converter,0,0,0,5,0%,0%,0,3.4
soundcloud playlistdownloader,0,0,0,5,0%,0%,0,4
wav converter soundcloud,0,0,0,5,0%,0%,0,4.4
convertisseur wav soundcloud,0,0,0,5,0%,0%,0,4.8
soundcloud playlist to mp3 downloader,0,0,0,5,0%,0%,0,4.8
vin random,0,0,0,5,0%,0%,0,5.6
soundcloud downloader url,0,0,0,5,0%,0%,0,6.2
download soundcloud sets,0,0,0,5,0%,0%,0,6.4
download whole soundcloud playlist,0,0,0,5,0%,0%,0,6.4
soundcloud converte,0,0,0,5,0%,0%,0,6.6
soundcloud mp3 playlist downloader,0,0,0,5,0%,0%,0,6.6
soundlcoud converter,0,0,0,5,0%,0%,0,7.2
soundcloud downloader 320kbps wav,0,0,0,5,0%,0%,0,7.4
tip.screen,0,0,0,5,0%,0%,0,7.4
convertor soundcloud,0,0,0,5,0%,0%,0,7.6
soundcloud music downloader playlist,0,0,0,5,0%,0%,0,7.8
soundclud converter,0,0,0,5,0%,0%,0,8.4
converter soundcloud to mp3,0,0,0,5,0%,0%,0,8.8
soundcloud download to mp3,0,0,0,5,0%,0%,0,8.8
100 cm til tommer,0,0,0,5,0%,0%,0,9.6
youtube保存 1080,0,0,0,5,0%,0%,0,10.6
soundcload to mp3,0,0,0,5,0%,0%,0,11.2
soundcloud tp mp3,0,0,0,5,0%,0%,0,14
converter soundcloud mp3,0,0,0,5,0%,0%,0,17
download mp3 from soundcloud,0,0,0,5,0%,0%,0,18.2
codes for jujutsu shenanigans,0,0,0,5,0%,0%,0,18.8
bingo bash chips for free,0,0,0,5,0%,0%,0,19.6
digital tip screen,0,0,0,5,0%,0%,0,24.4
bingo bash chips,0,0,0,5,0%,0%,0,31.8
bingo bash free,0,0,0,5,0%,0%,0,33.2
vin code generator,0,0,0,5,0%,0%,0,37.6
uscis perm tracker,0,0,0,5,0%,0%,0,38
proxy websites unblocked,0,0,0,5,0%,0%,0,41.8
is it best ehs software for construction in 2026,0,0,0,5,0%,0%,0,42
best enterprise ehs software for global organizations,0,0,0,5,0%,0%,0,42.4
discord timer,0,0,0,5,0%,0%,0,43.4
best ehs software for construction 2026,0,0,0,5,0%,0%,0,43.6
best workplace safety checklist software 2025 2026,0,0,0,5,0%,0%,0,44.8
best cloud ehs software for mobile audits and inspections 2025 2026,0,0,0,5,0%,0%,0,45.4
best workplace safety checklist software 2025 or 2026,0,0,0,5,0%,0%,0,45.8
top all-in-one health and safety management software 2026,0,0,0,5,0%,0%,0,46.8
best ehs software for mobile safety inspections 2025 or 2026,0,0,0,5,0%,0%,0,47.2
best safety management software 2025 2026 comparison,0,0,0,5,0%,0%,0,47.8
"enterprise ehs software for multi-site, multi-country operations",0,0,0,5,0%,0%,0,48.2
best software for safety audits and inspections 2025 2026,0,0,0,5,0%,0%,0,48.6
top workplace safety management software 2025 2026,0,0,0,5,0%,0%,0,48.6
best construction ehs software 2026,0,0,0,5,0%,0%,0,48.8
websites unblocker online,0,0,0,5,0%,0%,0,51.8
site that unblocks sites,0,0,0,5,0%,0%,0,55.4
discord bot timezone,0,0,0,5,0%,0%,0,56.8
perm labor tracker,0,0,0,5,0%,0%,0,58.6
heic to pdf free,0,0,0,5,0%,0%,0,60.8
ss.random.co,0,0,0,5,0%,0%,0,78.2
free bingo bash,0,0,0,5,0%,0%,0,85.2
soundcloud ddl,0,0,0,4,0%,0%,0,2.75
soundcloud.com to wav,0,0,0,4,0%,0%,0,3
tommer meaning,0,0,0,4,0%,0%,0,3
soundcloud playlist free download,0,0,0,4,0%,0%,0,4.5
random vin numbers,0,0,0,4,0%,0%,0,4.75
soundcloud online,0,0,0,4,0%,0%,0,4.75
soundcloud tools mp3,0,0,0,4,0%,0%,0,5
soundcloud wav downloader online,0,0,0,4,0%,0%,0,5
best soundcloud to mp3 converter,0,0,0,4,0%,0%,0,5.75
scloud playlist downloader,0,0,0,4,0%,0%,0,6.5
soundcloud dowload wav,0,0,0,4,0%,0%,0,6.5
скачать трек с soundcloud wav,0,0,0,4,0%,0%,0,6.5
tip screan,0,0,0,4,0%,0%,0,7
soundcloud list downloader,0,0,0,4,0%,0%,0,8
soundcloud mp3 comverter,0,0,0,4,0%,0%,0,8
soundcloud mp3 converter free,0,0,0,4,0%,0%,0,8
soundcloud mp3 conveter,0,0,0,4,0%,0%,0,8
38 cm til tommer,0,0,0,4,0%,0%,0,8.5
soundcloud playlist downloader.,0,0,0,4,0%,0%,0,8.5
soundcloud mp3 player download,0,0,0,4,0%,0%,0,9.25
download soundcloud mp3 audio,0,0,0,4,0%,0%,0,9.5
how to convert soundcloud link to mp3,0,0,0,4,0%,0%,0,9.75
soundcloud convert to mp3 download,0,0,0,4,0%,0%,0,9.75
soundcloud mp3 convertor,0,0,0,4,0%,0%,0,9.75
youtubeダウンロード 1080p,0,0,0,4,0%,0%,0,10
90 cm til tommer,0,0,0,4,0%,0%,0,10.25
random vin generator by year,0,0,0,4,0%,0%,0,10.25
soundcloud to mps,0,0,0,4,0%,0%,0,10.5
soundcould to mp3,0,0,0,4,0%,0%,0,10.75
soundcloudto mp3,0,0,0,4,0%,0%,0,11.25
sound cloud to mp3 converter,0,0,0,4,0%,0%,0,11.5
soundclound to mp3,0,0,0,4,0%,0%,0,11.5
random vin generator,0,0,0,4,0%,0%,0,11.75
download soundcloud audio,0,0,0,4,0%,0%,0,12.25
converter mp3 soundcloud,0,0,0,4,0%,0%,0,13.25
youtubeダウンロード 1080,0,0,0,4,0%,0%,0,13.25
soundcloud bulk download,0,0,0,4,0%,0%,0,14.25
youtube 保存 1080p,0,0,0,4,0%,0%,0,15.25
soundcloud mp3 conversion,0,0,0,4,0%,0%,0,15.5
youtube download mp4,0,0,0,4,0%,0%,0,15.75
download youtube mp4,0,0,0,4,0%,0%,0,19.5
soundcloud 320kbps download,0,0,0,4,0%,0%,0,21
four digit random number generator,0,0,0,4,0%,0%,0,22
youtube hd ダウンロード,0,0,0,4,0%,0%,0,22.25
youtube mp4 hd,0,0,0,4,0%,0%,0,22.75
crushon ai nsfw,0,0,0,4,0%,0%,0,26.25
discord dynamic time,0,0,0,4,0%,0%,0,39.5
ssn generator with name,0,0,0,4,0%,0%,0,40.5
top ehs software for construction oil gas mining manufacturing 2026,0,0,0,4,0%,0%,0,41
tommer til cm,0,0,0,4,0%,0%,0,41.25
zahlencode generator,0,0,0,4,0%,0%,0,42.5
best digital workplace safety inspection software 2026,0,0,0,4,0%,0%,0,43.25
best ehs software for construction in 2026,0,0,0,4,0%,0%,0,43.25
who offers the best ehs software for inspections and assessments?,0,0,0,4,0%,0%,0,44.5
top safety platforms construction mining energy 2026,0,0,0,4,0%,0%,0,45
fake social security number,0,0,0,4,0%,0%,0,45.5
leading ehs software with strong mobile apps for field teams 2025 2026,0,0,0,4,0%,0%,0,47.5
top ehs platforms,0,0,0,4,0%,0%,0,47.5
safety risk assessment software 2026,0,0,0,4,0%,0%,0,48
best safety management software 2025 or 2026,0,0,0,4,0%,0%,0,48.5
best-reviewed environmental and safety software 2025 2026,0,0,0,4,0%,0%,0,48.75
best safety management software 2026,0,0,0,4,0%,0%,0,49
top ehs software for construction safety management 2025 2026,0,0,0,4,0%,0%,0,49
best safety audit software manufacturing 2025 2026,0,0,0,4,0%,0%,0,50
proxy server unblock websites,0,0,0,4,0%,0%,0,51
proxy sites unblocked,0,0,0,4,0%,0%,0,52
unblock sites proxy,0,0,0,4,0%,0%,0,53.25
websites similar to 123movies,0,0,0,4,0%,0%,0,53.5
discord time tracker,0,0,0,4,0%,0%,0,55.25
proxy site unblock,0,0,0,4,0%,0%,0,56.75
any site unblocker,0,0,0,4,0%,0%,0,59.75
unblock proxy sites free,0,0,0,4,0%,0%,0,60.25
discord time stamper,0,0,0,4,0%,0%,0,62.25
proxysite unblocked,0,0,0,4,0%,0%,0,64
site unblocker proxy,0,0,0,4,0%,0%,0,67.25
music apps unblocked,0,0,0,4,0%,0%,0,72
url unblocker proxy,0,0,0,4,0%,0%,0,72.75
perm check,0,0,0,4,0%,0%,0,73
check gdp,0,0,0,4,0%,0%,0,79.75
random vehicle number,0,0,0,3,0%,0%,0,1
sound cloud to wave,0,0,0,3,0%,0%,0,1.67
soundcloud to wav\,0,0,0,3,0%,0%,0,2
soundcloud to wv,0,0,0,3,0%,0%,0,3
discord global timestamp,0,0,0,3,0%,0%,0,3.33
soundcloud mp3 playlist download,0,0,0,3,0%,0%,0,3.33
valid vin,0,0,0,3,0%,0%,0,3.67
souncloud wav,0,0,0,3,0%,0%,0,4.33
download audio soundcloud wav,0,0,0,3,0%,0%,0,4.67
soundcloud downloader playlists,0,0,0,3,0%,0%,0,4.67
how to download soundcloud playlists,0,0,0,3,0%,0%,0,5
souncloud a wav,0,0,0,3,0%,0%,0,5
soundcloud download wave,0,0,0,3,0%,0%,0,5.33
download soundcloud list,0,0,0,3,0%,0%,0,5.67
soundcloud downloader metadata,0,0,0,3,0%,0%,0,5.67
soundcloud converer,0,0,0,3,0%,0%,0,6
random vin code,0,0,0,3,0%,0%,0,6.33
soundcloud downloader wav online,0,0,0,3,0%,0%,0,6.33
soundvloud to mp3,0,0,0,3,0%,0%,0,6.33
how to download playlist from soundcloud,0,0,0,3,0%,0%,0,6.67
music converter soundcloud,0,0,0,3,0%,0%,0,6.67
descargar sets soundcloud,0,0,0,3,0%,0%,0,7.33
soudncloud converter,0,0,0,3,0%,0%,0,7.33
how to download a soundcloud playlist,0,0,0,3,0%,0%,0,7.67
soundclound mp3 converter,0,0,0,3,0%,0%,0,7.67
soundcoud converter,0,0,0,3,0%,0%,0,7.67
soundcloud link to mp3,0,0,0,3,0%,0%,0,8
tip wcreen,0,0,0,3,0%,0%,0,8.33
soundcliud to mp3,0,0,0,3,0%,0%,0,8.67
soundclou to mp3,0,0,0,3,0%,0%,0,8.67
soundcloud converter mo3,0,0,0,3,0%,0%,0,8.67
soundcloud url to mp3 converter,0,0,0,3,0%,0%,0,8.67
10 cm i tommer,0,0,0,3,0%,0%,0,9
soundcloud to mp3 320kpbs,0,0,0,3,0%,0%,0,9
soundcloud to mp3 coverter,0,0,0,3,0%,0%,0,9
tip screne,0,0,0,3,0%,0%,0,9
vin generator by year,0,0,0,3,0%,0%,0,9
خط مقلوب,0,0,0,3,0%,0%,0,9
descargar audio de soundcloud en alta calidad,0,0,0,3,0%,0%,0,9.33
soundcloud song download converter,0,0,0,3,0%,0%,0,9.33
15 cm til tommer,0,0,0,3,0%,0%,0,9.67
soundclous to mp3,0,0,0,3,0%,0%,0,9.67
tip scteen,0,0,0,3,0%,0%,0,9.67
convert soundcloud to mp3 high quality,0,0,0,3,0%,0%,0,10
soundcloud to mp3 320kbs,0,0,0,3,0%,0%,0,10
5 cm i tommer,0,0,0,3,0%,0%,0,10.33
youtube 動画保存 1080p,0,0,0,3,0%,0%,0,10.33
youtube 動画保存 1080,0,0,0,3,0%,0%,0,10.67
fra cm til tommer,0,0,0,3,0%,0%,0,11
real vin generator,0,0,0,3,0%,0%,0,11
50 cm i tommer,0,0,0,3,0%,0%,0,11.67
soundcloud convert to mp3 320,0,0,0,3,0%,0%,0,12.67
soundcloud to mp3 320 free,0,0,0,3,0%,0%,0,12.67
soundcloud.mp3,0,0,0,3,0%,0%,0,12.67
convert mp3 soundcloud,0,0,0,3,0%,0%,0,13
sondcloud to mp3,0,0,0,3,0%,0%,0,13.67
soundcloud batch download,0,0,0,3,0%,0%,0,14.33
soundcloud to mp 3,0,0,0,3,0%,0%,0,14.33
mp3 converter from soundcloud,0,0,0,3,0%,0%,0,16.67
youtube download 1080,0,0,0,3,0%,0%,0,17.33
free bingo bash chips today,0,0,0,3,0%,0%,0,18.33
cm i tommer,0,0,0,3,0%,0%,0,18.67
tip screen iphone,0,0,0,3,0%,0%,0,19
randomvin.com,0,0,0,3,0%,0%,0,20.67
bingo bash free credits,0,0,0,3,0%,0%,0,22
soundcloud a mp3,0,0,0,3,0%,0%,0,22.33
download soundcloud mb3,0,0,0,3,0%,0%,0,22.67
random four digit number,0,0,0,3,0%,0%,0,25.33
soundcloud downloader online,0,0,0,3,0%,0%,0,25.33
ssn generator github,0,0,0,3,0%,0%,0,26
bingo bash free chips mosttechs,0,0,0,3,0%,0%,0,27
youtubeダウンロード 高画質,0,0,0,3,0%,0%,0,28.67
chips bingo bash,0,0,0,3,0%,0%,0,29
download mp3 soundcloud,0,0,0,3,0%,0%,0,29
perm timeline tracker,0,0,0,3,0%,0%,0,30.33
soundcloud export playlist,0,0,0,3,0%,0%,0,30.33
unblocked music sites free,0,0,0,3,0%,0%,0,31.33
invincible title card,0,0,0,3,0%,0%,0,32
youtube shorts to mp4,0,0,0,3,0%,0%,0,32
generate vin,0,0,0,3,0%,0%,0,33.33
music online unblocked,0,0,0,3,0%,0%,0,34
unblocked access,0,0,0,3,0%,0%,0,34.33
vin number generator,0,0,0,3,0%,0%,0,36.33
random ssn for paypal,0,0,0,3,0%,0%,0,38
discord timestamp bot,0,0,0,3,0%,0%,0,38.33
best unblocked proxy sites,0,0,0,3,0%,0%,0,40.67
free unblocked proxies,0,0,0,3,0%,0%,0,40.67
soundcloud 320,0,0,0,3,0%,0%,0,40.67
discord absolute time,0,0,0,3,0%,0%,0,43
how to use discord timestamps,0,0,0,3,0%,0%,0,44.33
music player unblocked,0,0,0,3,0%,0%,0,44.33
bpm to milliseconds,0,0,0,3,0%,0%,0,45.33
best software for safety audits and inspections 2026,0,0,0,3,0%,0%,0,46
color test print,0,0,0,3,0%,0%,0,46
similar websites like 123movies,0,0,0,3,0%,0%,0,46.67
123movies sites that work,0,0,0,3,0%,0%,0,47
bpm ms delay calculator,0,0,0,3,0%,0%,0,47.67
tempo to ms,0,0,0,3,0%,0%,0,47.67
kpa ehs ehs software new features announcement 2026,0,0,0,3,0%,0%,0,48
time discord,0,0,0,3,0%,0%,0,48
top ehs software 2025 2026,0,0,0,3,0%,0%,0,48
discord time stamp generator,0,0,0,3,0%,0%,0,48.33
best ehs software for mobile safety inspections 2025 2026,0,0,0,3,0%,0%,0,48.67
soundcloud unblocked google sites,0,0,0,3,0%,0%,0,49.33
unblocked proxy site,0,0,0,3,0%,0%,0,49.33
best construction safety compliance software in 2026,0,0,0,3,0%,0%,0,49.67
sites to unblock sites,0,0,0,3,0%,0%,0,50
unblock proxy s,0,0,0,3,0%,0%,0,50
fake ssn generator,0,0,0,3,0%,0%,0,51.67
123movies similar sites,0,0,0,3,0%,0%,0,52
best ehs reporting software,0,0,0,3,0%,0%,0,52
websites to unblock websites,0,0,0,3,0%,0%,0,52
youtube 無料ダウンロード,0,0,0,3,0%,0%,0,53
listen to music free unblocked,0,0,0,3,0%,0%,0,54
how to timestamp discord,0,0,0,3,0%,0%,0,55
proxy sites unblock,0,0,0,3,0%,0%,0,55
morse generator,0,0,0,3,0%,0%,0,55.33
telecharger short youtube,0,0,0,3,0%,0%,0,55.67
time stamp discord generator,0,0,0,3,0%,0%,0,56.67
perm labor tracking,0,0,0,3,0%,0%,0,57.33
websites to listen to music unblocked,0,0,0,3,0%,0%,0,59.67
colour test print,0,0,0,3,0%,0%,0,60.33
discord time stamps,0,0,0,3,0%,0%,0,60.33
testing printing,0,0,0,3,0%,0%,0,60.33
proxy server unblocked,0,0,0,3,0%,0%,0,61.33
how to make a timestamp discord,0,0,0,3,0%,0%,0,63.67
permupdate,0,0,0,3,0%,0%,0,63.67
convert heic to pdf,0,0,0,3,0%,0%,0,66.67
multilingual ehs software,0,0,0,3,0%,0%,0,67.33
vin number sample,0,0,0,3,0%,0%,0,68.67
perm status check,0,0,0,3,0%,0%,0,69.33
picture test print,0,0,0,3,0%,0%,0,76
discordtimestamp.com,0,0,0,3,0%,0%,0,84.67
leave a fake tip screen,0,0,0,2,0%,0%,0,1
mtp protocol,0,0,0,2,0%,0%,0,1
title card maker,0,0,0,2,0%,0%,0,2
random 4 digit codes,0,0,0,2,0%,0%,0,2.5
soundcloud covert,0,0,0,2,0%,0%,0,2.5
soundcloud playlists to mp3,0,0,0,2,0%,0%,0,2.5
soundcloud to mp3 playlist download,0,0,0,2,0%,0%,0,2.5
soundcloud link to wav converter,0,0,0,2,0%,0%,0,3
soundcloud playlist wav downloader,0,0,0,2,0%,0%,0,3
tip options screen,0,0,0,2,0%,0%,0,3
valid vin number for testing,0,0,0,2,0%,0%,0,3
soudncloud playlist downloader,0,0,0,2,0%,0%,0,3.5
soundcloud playlist dowload,0,0,0,2,0%,0%,0,3.5
baixar musica do soundcloud wav,0,0,0,2,0%,0%,0,4
soundcloud cover download,0,0,0,2,0%,0%,0,4
leave a tip screen website,0,0,0,2,0%,0%,0,4.5
soundcloud downloader wave,0,0,0,2,0%,0%,0,4.5
download playlist soundcloud mp3,0,0,0,2,0%,0%,0,5
export soundcloud playlist,0,0,0,2,0%,0%,0,5
soundcloud to wav converter online,0,0,0,2,0%,0%,0,5
tip button screen,0,0,0,2,0%,0%,0,5
tip scree,0,0,0,2,0%,0%,0,5
how to download playlists on soundcloud,0,0,0,2,0%,0%,0,5.5
soundcloud to mpw,0,0,0,2,0%,0%,0,6
descargar listas soundcloud,0,0,0,2,0%,0%,0,6.5
how to download a playlist on soundcloud,0,0,0,2,0%,0%,0,6.5
soundcloud download with metadata,0,0,0,2,0%,0%,0,6.5
soundcloud metadata viewer,0,0,0,2,0%,0%,0,6.5
soundcloud mp3 converter online,0,0,0,2,0%,0%,0,6.5
soundcloud playlists downloader,0,0,0,2,0%,0%,0,6.5
soundcloud to mp3 p,0,0,0,2,0%,0%,0,6.5
soundcloud url download mp3,0,0,0,2,0%,0%,0,6.5
sound cloud coverter,0,0,0,2,0%,0%,0,7
soundcload converter,0,0,0,2,0%,0%,0,7
soundcloud artwork downloader,0,0,0,2,0%,0%,0,7